CandidateName,EnglishCandidateName,DistrictName,EnglishDistrictName,ConstName,PowerSearchQuery
अस्‍मिन घिमिरे,Ashmin Ghimire,चितवन,chitwan,2,"(""अस्‍मिन घिमिरे"" OR ""Ashmin Ghimire"") (""chitwan"" OR ""constituency 2"" OR ""निर्वाचन"" OR ""election 2082"" OR ""Nepal election"") since:2025-09-05"
इन्द्र बहादुर स्याङतान,Indra Bahadur Syangtan,चितवन,chitwan,2,"(""इन्द्र बहादुर स्याङतान"" OR ""Indra Bahadur Syangtan"") (""chitwan"" OR ""constituency 2"" OR ""निर्वाचन"" OR ""election 2082"" OR ""Nepal election"") since:2025-09-05"
ऋषा गोले,Risha Gole,चितवन,chitwan,2,"(""ऋषा गोले"" OR ""Risha Gole"") (""chitwan"" OR ""constituency 2"" OR ""निर्वाचन"" OR ""election 2082"" OR ""Nepal election"") since:2025-09-05"
कमान सिंह चौधरी,Kaman Singh Chaudhary,चितवन,chitwan,2,"(""कमान सिंह चौधरी"" OR ""Kaman Singh Chaudhary"") (""chitwan"" OR ""constituency 2"" OR ""निर्वाचन"" OR ""election 2082"" OR ""Nepal election"") since:2025-09-05"
कृष्ण प्रसाद चापागाई,Krishna Prasad Chapagai,चितवन,chitwan,2,"(""कृष्ण प्रसाद चापागाई"" OR ""Krishna Prasad Chapagai"") (""chitwan"" OR ""constituency 2"" OR ""निर्वाचन"" OR ""election 2082"" OR ""Nepal election"") since:2025-09-05"
जगदिश्वर अधिकारी,Jagadishwar Adhikari,चितवन,chitwan,2,"(""जगदिश्वर अधिकारी"" OR ""Jagadishwar Adhikari"") (""chitwan"" OR ""constituency 2"" OR ""निर्वाचन"" OR ""election 2082"" OR ""Nepal election"") since:2025-09-05"
दिर्शना कुमारी शाही,Dirshana Kumari Shahi,चितवन,chitwan,2,"(""दिर्शना कुमारी शाही"" OR ""Dirshana Kumari Shahi"") (""chitwan"" OR ""constituency 2"" OR ""निर्वाचन"" OR ""election 2082"" OR ""Nepal election"") since:2025-09-05"
देवी कुमारी मगर,Devi Kumari Magar,चितवन,chitwan,2,"(""देवी कुमारी मगर"" OR ""Devi Kumari Magar"") (""chitwan"" OR ""constituency 2"" OR ""निर्वाचन"" OR ""election 2082"" OR ""Nepal election"") since:2025-09-05"
देवी शर्मा,Devi Sharma,चितवन,chitwan,2,"(""देवी शर्मा"" OR ""Devi Sharma"") (""chitwan"" OR ""constituency 2"" OR ""निर्वाचन"" OR ""election 2082"" OR ""Nepal election"") since:2025-09-05"
नि.कुमार पाख्रीन,Ni. Kumar Pakhrin,चितवन,chitwan,2,"(""नि.कुमार पाख्रीन"" OR ""Ni. Kumar Pakhrin"") (""chitwan"" OR ""constituency 2"" OR ""निर्वाचन"" OR ""election 2082"" OR ""Nepal election"") since:2025-09-05"
निर्मला कुमारी ठाकुर,Nirmala Kumari Thakur,चितवन,chitwan,2,"(""निर्मला कुमारी ठाकुर"" OR ""Nirmala Kumari Thakur"") (""chitwan"" OR ""constituency 2"" OR ""निर्वाचन"" OR ""election 2082"" OR ""Nepal election"") since:2025-09-05"
प्रकाश बहादुर पाण्‍डे,Prakash Bahadur Pandey,चितवन,chitwan,2,"(""प्रकाश बहादुर पाण्‍डे"" OR ""Prakash Bahadur Pandey"") (""chitwan"" OR ""constituency 2"" OR ""निर्वाचन"" OR ""election 2082"" OR ""Nepal election"") since:2025-09-05"
प्रताप गुरुङ्ग,Pratap Gurung,चितवन,chitwan,2,"(""प्रताप गुरुङ्ग"" OR ""Pratap Gurung"") (""chitwan"" OR ""constituency 2"" OR ""निर्वाचन"" OR ""election 2082"" OR ""Nepal election"") since:2025-09-05"
प्रताप सिंह तमाङ्ग,Pratap Singh Tamang,चितवन,chitwan,2,"(""प्रताप सिंह तमाङ्ग"" OR ""Pratap Singh Tamang"") (""chitwan"" OR ""constituency 2"" OR ""निर्वाचन"" OR ""election 2082"" OR ""Nepal election"") since:2025-09-05"
प्रविन सापकोटा,Pravin Sapkota,चितवन,chitwan,2,"(""प्रविन सापकोटा"" OR ""Pravin Sapkota"") (""chitwan"" OR ""constituency 2"" OR ""निर्वाचन"" OR ""election 2082"" OR ""Nepal election"") since:2025-09-05"
मिना कुमारी खरेल,Mina Kumari Kharel,चितवन,chitwan,2,"(""मिना कुमारी खरेल"" OR ""Mina Kumari Kharel"") (""chitwan"" OR ""constituency 2"" OR ""निर्वाचन"" OR ""election 2082"" OR ""Nepal election"") since:2025-09-05"
मिलन थापा मगर,Milan Thapa Magar,चितवन,chitwan,2,"(""मिलन थापा मगर"" OR ""Milan Thapa Magar"") (""chitwan"" OR ""constituency 2"" OR ""निर्वाचन"" OR ""election 2082"" OR ""Nepal election"") since:2025-09-05"
रवि कुमाल,Rabi Kumal,चितवन,chitwan,2,"(""रवि कुमाल"" OR ""Rabi Kumal"") (""chitwan"" OR ""constituency 2"" OR ""निर्वाचन"" OR ""election 2082"" OR ""Nepal election"") since:2025-09-05"
रवि लामिछाने,Rabi Lamichhane,चितवन,chitwan,2,"(""रवि लामिछाने"" OR ""Rabi Lamichhane"" OR ""Rabi dai"" OR ""रबि लामिछाने"" OR ""RSP chairman Rabi"") (""chitwan"" OR ""constituency 2"" OR ""निर्वाचन"" OR ""election 2082"" OR ""Nepal election"") since:2025-09-05"
शंकु प्रसाद जैसी,Shanku Prasad Jaisi,चितवन,chitwan,2,"(""शंकु प्रसाद जैसी"" OR ""Shanku Prasad Jaisi"") (""chitwan"" OR ""constituency 2"" OR ""निर्वाचन"" OR ""election 2082"" OR ""Nepal election"") since:2025-09-05"
शक्ति राज गुरुङ,Shakti Raj Gurung,चितवन,chitwan,2,"(""शक्ति राज गुरुङ"" OR ""Shakti Raj Gurung"") (""chitwan"" OR ""constituency 2"" OR ""निर्वाचन"" OR ""election 2082"" OR ""Nepal election"") since:2025-09-05"
शोभा बासुकला,Shobha Basukala,चितवन,chitwan,2,"(""शोभा बासुकला"" OR ""Shobha Basukala"") (""chitwan"" OR ""constituency 2"" OR ""निर्वाचन"" OR ""election 2082"" OR ""Nepal election"") since:2025-09-05"
सुवास महतो,Subas Mahato,चितवन,chitwan,2,"(""सुवास महतो"" OR ""Subas Mahato"") (""chitwan"" OR ""constituency 2"" OR ""निर्वाचन"" OR ""election 2082"" OR ""Nepal election"") since:2025-09-05"
आकाश राना मगर,Akash Rana Magar,गोरखा,gorkha,1,"(""आकाश राना मगर"" OR ""Akash Rana Magar"") (""gorkha"" OR ""constituency 1"" OR ""निर्वाचन"" OR ""election 2082"" OR ""Nepal election"") since:2025-09-05"
कविता भट्टराई,Kavita Bhattarai,गोरखा,gorkha,1,"(""कविता भट्टराई"" OR ""Kavita Bhattarai"") (""gorkha"" OR ""constituency 1"" OR ""निर्वाचन"" OR ""election 2082"" OR ""Nepal election"") since:2025-09-05"
केदार मणी खनाल,Kedar Mani Khanal,गोरखा,gorkha,1,"(""केदार मणी खनाल"" OR ""Kedar Mani Khanal"") (""gorkha"" OR ""constituency 1"" OR ""निर्वाचन"" OR ""election 2082"" OR ""Nepal election"") since:2025-09-05"
जित बहादुर घले,Jit Bahadur Ghale,गोरखा,gorkha,1,"(""जित बहादुर घले"" OR ""Jit Bahadur Ghale"") (""gorkha"" OR ""constituency 1"" OR ""निर्वाचन"" OR ""election 2082"" OR ""Nepal election"") since:2025-09-05"
देव बहादुर थापा,Dev Bahadur Thapa,गोरखा,gorkha,1,"(""देव बहादुर थापा"" OR ""Dev Bahadur Thapa"") (""gorkha"" OR ""constituency 1"" OR ""निर्वाचन"" OR ""election 2082"" OR ""Nepal election"") since:2025-09-05"
प्रेम कुमार खत्री,Prem Kumar Khatri,गोरखा,gorkha,1,"(""प्रेम कुमार खत्री"" OR ""Prem Kumar Khatri"") (""gorkha"" OR ""constituency 1"" OR ""निर्वाचन"" OR ""election 2082"" OR ""Nepal election"") since:2025-09-05"
मनु कुमारी श्रेष्‍ठ,Manu Kumari Shrestha,गोरखा,gorkha,1,"(""मनु कुमारी श्रेष्‍ठ"" OR ""Manu Kumari Shrestha"") (""gorkha"" OR ""constituency 1"" OR ""निर्वाचन"" OR ""election 2082"" OR ""Nepal election"") since:2025-09-05"
राम चन्द्र लामिछाने,Ram Chandra Lamichhane,गोरखा,gorkha,1,"(""राम चन्द्र लामिछाने"" OR ""Ram Chandra Lamichhane"") (""gorkha"" OR ""constituency 1"" OR ""निर्वाचन"" OR ""election 2082"" OR ""Nepal election"") since:2025-09-05"
रामकाजी राना मगर,Ramkaji Rana Magar,गोरखा,gorkha,1,"(""रामकाजी राना मगर"" OR ""Ramkaji Rana Magar"") (""gorkha"" OR ""constituency 1"" OR ""निर्वाचन"" OR ""election 2082"" OR ""Nepal election"") since:2025-09-05"
विष्णु प्रसाद रिजाल,Vishnu Prasad Rijal,गोरखा,gorkha,1,"(""विष्णु प्रसाद रिजाल"" OR ""Vishnu Prasad Rijal"") (""gorkha"" OR ""constituency 1"" OR ""निर्वाचन"" OR ""election 2082"" OR ""Nepal election"") since:2025-09-05"
सुधन गुरुङ,Sudhan Gurung,गोरखा,gorkha,1,"(""सुधन गुरुङ"" OR ""Sudhan Gurung"") (""gorkha"" OR ""constituency 1"" OR ""निर्वाचन"" OR ""election 2082"" OR ""Nepal election"") since:2025-09-05"
हरि राज अधिकारी,Hari Raj Adhikari,गोरखा,gorkha,1,"(""हरि राज अधिकारी"" OR ""Hari Raj Adhikari"") (""gorkha"" OR ""constituency 1"" OR ""निर्वाचन"" OR ""election 2082"" OR ""Nepal election"") since:2025-09-05"
अमृत रसाइलि,Amrit Rsaili,झापा,jhapa,5,"(""अमृत रसाइलि"" OR ""Amrit Rsaili"") (""jhapa"" OR ""constituency 5"" OR ""निर्वाचन"" OR ""election 2082"" OR ""Nepal election"") since:2025-09-05"
अमृतलाल महतो,Amritlal Mahato,झापा,jhapa,5,"(""अमृतलाल महतो"" OR ""Amritlal Mahato"") (""jhapa"" OR ""constituency 5"" OR ""निर्वाचन"" OR ""election 2082"" OR ""Nepal election"") since:2025-09-05"
अर्जुन सापकोटा,Arjun Sapkota,झापा,jhapa,5,"(""अर्जुन सापकोटा"" OR ""Arjun Sapkota"") (""jhapa"" OR ""constituency 5"" OR ""निर्वाचन"" OR ""election 2082"" OR ""Nepal election"") since:2025-09-05"
के.पी शर्मा ओली,K.P. Sharma Oli,झापा,jhapa,5,"(""के.पी शर्मा ओली"" OR ""K.P. Sharma Oli"" OR ""KP Oli"" OR ""ओली"" OR ""केपी ओली"") (""jhapa"" OR ""constituency 5"" OR ""निर्वाचन"" OR ""election 2082"" OR ""Nepal election"") since:2025-09-05"
खेमनाथ शिवाकोटी,Khemnath Shivakoti,झापा,jhapa,5,"(""खेमनाथ शिवाकोटी"" OR ""Khemnath Shivakoti"") (""jhapa"" OR ""constituency 5"" OR ""निर्वाचन"" OR ""election 2082"" OR ""Nepal election"") since:2025-09-05"
डम्वर शाहु,Dambar Shahu,झापा,jhapa,5,"(""डम्वर शाहु"" OR ""Dambar Shahu"") (""jhapa"" OR ""constituency 5"" OR ""निर्वाचन"" OR ""election 2082"" OR ""Nepal election"") since:2025-09-05"
धर्मराज गुरागाई,Dharmraj Guragai,झापा,jhapa,5,"(""धर्मराज गुरागाई"" OR ""Dharmraj Guragai"") (""jhapa"" OR ""constituency 5"" OR ""निर्वाचन"" OR ""election 2082"" OR ""Nepal election"") since:2025-09-05"
धिरेन सुब्बा,Dhiren Subba,झापा,jhapa,5,"(""धिरेन सुब्बा"" OR ""Dhiren Subba"") (""jhapa"" OR ""constituency 5"" OR ""निर्वाचन"" OR ""election 2082"" OR ""Nepal election"") since:2025-09-05"
पदम बहादुर जवेगु,Padam Bahadur Jvegu,झापा,jhapa,5,"(""पदम बहादुर जवेगु"" OR ""Padam Bahadur Jvegu"") (""jhapa"" OR ""constituency 5"" OR ""निर्वाचन"" OR ""election 2082"" OR ""Nepal election"") since:2025-09-05"
पुस्कर खतिवडा,Puskar Khatiwada,झापा,jhapa,5,"(""पुस्कर खतिवडा"" OR ""Puskar Khatiwada"") (""jhapa"" OR ""constituency 5"" OR ""निर्वाचन"" OR ""election 2082"" OR ""Nepal election"") since:2025-09-05"
प्रकाश नेपाल,Prakash Nepal,झापा,jhapa,5,"(""प्रकाश नेपाल"" OR ""Prakash Nepal"") (""jhapa"" OR ""constituency 5"" OR ""निर्वाचन"" OR ""election 2082"" OR ""Nepal election"") since:2025-09-05"
मंधरा चिमरिया,Mandhara Chimariya,झापा,jhapa,5,"(""मंधरा चिमरिया"" OR ""Mandhara Chimariya"") (""jhapa"" OR ""constituency 5"" OR ""निर्वाचन"" OR ""election 2082"" OR ""Nepal election"") since:2025-09-05"
मातृका भट्टराई,Matrika Bhattarai,झापा,jhapa,5,"(""मातृका भट्टराई"" OR ""Matrika Bhattarai"") (""jhapa"" OR ""constituency 5"" OR ""निर्वाचन"" OR ""election 2082"" OR ""Nepal election"") since:2025-09-05"
रञ्जना गौतम,Ranjana Gautam,झापा,jhapa,5,"(""रञ्जना गौतम"" OR ""Ranjana Gautam"") (""jhapa"" OR ""constituency 5"" OR ""निर्वाचन"" OR ""election 2082"" OR ""Nepal election"") since:2025-09-05"
रन्जित तामाङ,Ranjit Tamang,झापा,jhapa,5,"(""रन्जित तामाङ"" OR ""Ranjit Tamang"") (""jhapa"" OR ""constituency 5"" OR ""निर्वाचन"" OR ""election 2082"" OR ""Nepal election"") since:2025-09-05"
लक्ष्मी प्रसाद संग्रौला,Lakshmi Prasad Sangraula,झापा,jhapa,5,"(""लक्ष्मी प्रसाद संग्रौला"" OR ""Lakshmi Prasad Sangraula"") (""jhapa"" OR ""constituency 5"" OR ""निर्वाचन"" OR ""election 2082"" OR ""Nepal election"") since:2025-09-05"
वालेन्द्र शाह,Balendra Shah,झापा,jhapa,5,"(""वालेन्द्र शाह"" OR ""Balendra Shah"" OR ""Balen Shah"" OR ""Balen"" OR ""बालेन शाह"") (""jhapa"" OR ""constituency 5"" OR ""निर्वाचन"" OR ""election 2082"" OR ""Nepal election"") since:2025-09-05"
विपुल गुरागाई,Vipul Guragai,झापा,jhapa,5,"(""विपुल गुरागाई"" OR ""Vipul Guragai"") (""jhapa"" OR ""constituency 5"" OR ""निर्वाचन"" OR ""election 2082"" OR ""Nepal election"") since:2025-09-05"
शोभा भण्डारी,Shobha Bhandari,झापा,jhapa,5,"(""शोभा भण्डारी"" OR ""Shobha Bhandari"") (""jhapa"" OR ""constituency 5"" OR ""निर्वाचन"" OR ""election 2082"" OR ""Nepal election"") since:2025-09-05"
संजय राई,Sanjay Rai,झापा,jhapa,5,"(""संजय राई"" OR ""Sanjay Rai"") (""jhapa"" OR ""constituency 5"" OR ""निर्वाचन"" OR ""election 2082"" OR ""Nepal election"") since:2025-09-05"
समिर तामाङ्ग,Samir Tamang,झापा,jhapa,5,"(""समिर तामाङ्ग"" OR ""Samir Tamang"") (""jhapa"" OR ""constituency 5"" OR ""निर्वाचन"" OR ""election 2082"" OR ""Nepal election"") since:2025-09-05"
सविन राई,Savin Rai,झापा,jhapa,5,"(""सविन राई"" OR ""Savin Rai"") (""jhapa"" OR ""constituency 5"" OR ""निर्वाचन"" OR ""election 2082"" OR ""Nepal election"") since:2025-09-05"
सान बहादुर मेचे,San Bahadur Meche,झापा,jhapa,5,"(""सान बहादुर मेचे"" OR ""San Bahadur Meche"") (""jhapa"" OR ""constituency 5"" OR ""निर्वाचन"" OR ""election 2082"" OR ""Nepal election"") since:2025-09-05"
सुशान्त साम्पङ राइ,Sushant Sampang Rai,झापा,jhapa,5,"(""सुशान्त साम्पङ राइ"" OR ""Sushant Sampang Rai"") (""jhapa"" OR ""constituency 5"" OR ""निर्वाचन"" OR ""election 2082"" OR ""Nepal election"") since:2025-09-05"
कुल बहादुर लामा,Kul Bahadur Lama,काठमाडौं,kathmandu,3,"(""कुल बहादुर लामा"" OR ""Kul Bahadur Lama"") (""kathmandu"" OR ""constituency 3"" OR ""निर्वाचन"" OR ""election 2082"" OR ""Nepal election"") since:2025-09-05"
कुलमान घिसिङ्,Kulman Ghising,काठमाडौं,kathmandu,3,"(""कुलमान घिसिङ्"" OR ""Kulman Ghising"") (""kathmandu"" OR ""constituency 3"" OR ""निर्वाचन"" OR ""election 2082"" OR ""Nepal election"") since:2025-09-05"
केशव नेपाल,Keshav Nepal,काठमाडौं,kathmandu,3,"(""केशव नेपाल"" OR ""Keshav Nepal"") (""kathmandu"" OR ""constituency 3"" OR ""निर्वाचन"" OR ""election 2082"" OR ""Nepal election"") since:2025-09-05"
जित बहादुर तामाङ,Jit Bahadur Tamang,काठमाडौं,kathmandu,3,"(""जित बहादुर तामाङ"" OR ""Jit Bahadur Tamang"") (""kathmandu"" OR ""constituency 3"" OR ""निर्वाचन"" OR ""election 2082"" OR ""Nepal election"") since:2025-09-05"
निरज लामा,Niraj Lama,काठमाडौं,kathmandu,3,"(""निरज लामा"" OR ""Niraj Lama"") (""kathmandu"" OR ""constituency 3"" OR ""निर्वाचन"" OR ""election 2082"" OR ""Nepal election"") since:2025-09-05"
प्रदिप काफ्ले,Pradip Kaphle,काठमाडौं,kathmandu,3,"(""प्रदिप काफ्ले"" OR ""Pradip Kaphle"") (""kathmandu"" OR ""constituency 3"" OR ""निर्वाचन"" OR ""election 2082"" OR ""Nepal election"") since:2025-09-05"
प्रनिल ध्वज कार्की,Pranil Dhwaj Karki,काठमाडौं,kathmandu,3,"(""प्रनिल ध्वज कार्की"" OR ""Pranil Dhwaj Karki"") (""kathmandu"" OR ""constituency 3"" OR ""निर्वाचन"" OR ""election 2082"" OR ""Nepal election"") since:2025-09-05"
प्रेम छिरी शेर्पा,Prem Chhiri Sherpa,काठमाडौं,kathmandu,3,"(""प्रेम छिरी शेर्पा"" OR ""Prem Chhiri Sherpa"") (""kathmandu"" OR ""constituency 3"" OR ""निर्वाचन"" OR ""election 2082"" OR ""Nepal election"") since:2025-09-05"
बाबु काजी कार्की,Babu Kaji Karki,काठमाडौं,kathmandu,3,"(""बाबु काजी कार्की"" OR ""Babu Kaji Karki"") (""kathmandu"" OR ""constituency 3"" OR ""निर्वाचन"" OR ""election 2082"" OR ""Nepal election"") since:2025-09-05"
मदन श्रेष्ठ,Madan Shrestha,काठमाडौं,kathmandu,3,"(""मदन श्रेष्ठ"" OR ""Madan Shrestha"") (""kathmandu"" OR ""constituency 3"" OR ""निर्वाचन"" OR ""election 2082"" OR ""Nepal election"") since:2025-09-05"
रमेश अर्याल,Ramesh Aryal,काठमाडौं,kathmandu,3,"(""रमेश अर्याल"" OR ""Ramesh Aryal"") (""kathmandu"" OR ""constituency 3"" OR ""निर्वाचन"" OR ""election 2082"" OR ""Nepal election"") since:2025-09-05"
राजु नाथ पाण्डे,Raju Nath Pandey,काठमाडौं,kathmandu,3,"(""राजु नाथ पाण्डे"" OR ""Raju Nath Pandey"") (""kathmandu"" OR ""constituency 3"" OR ""निर्वाचन"" OR ""election 2082"" OR ""Nepal election"") since:2025-09-05"
राम कृष्‍ण पुजारी,Ram Krishna Pujari,काठमाडौं,kathmandu,3,"(""राम कृष्‍ण पुजारी"" OR ""Ram Krishna Pujari"") (""kathmandu"" OR ""constituency 3"" OR ""निर्वाचन"" OR ""election 2082"" OR ""Nepal election"") since:2025-09-05"
रामेश्‍वर फुयाल,Rameshwar Phuyal,काठमाडौं,kathmandu,3,"(""रामेश्‍वर फुयाल"" OR ""Rameshwar Phuyal"") (""kathmandu"" OR ""constituency 3"" OR ""निर्वाचन"" OR ""election 2082"" OR ""Nepal election"") since:2025-09-05"
रुप सागर देवी,Rup Sagar Devi,काठमाडौं,kathmandu,3,"(""रुप सागर देवी"" OR ""Rup Sagar Devi"") (""kathmandu"" OR ""constituency 3"" OR ""निर्वाचन"" OR ""election 2082"" OR ""Nepal election"") since:2025-09-05"
शेखर अर्याल,Shekhar Aryal,काठमाडौं,kathmandu,3,"(""शेखर अर्याल"" OR ""Shekhar Aryal"") (""kathmandu"" OR ""constituency 3"" OR ""निर्वाचन"" OR ""election 2082"" OR ""Nepal election"") since:2025-09-05"
शेखर नाथ आचार्य,Shekhar Nath Acharya,काठमाडौं,kathmandu,3,"(""शेखर नाथ आचार्य"" OR ""Shekhar Nath Acharya"") (""kathmandu"" OR ""constituency 3"" OR ""निर्वाचन"" OR ""election 2082"" OR ""Nepal election"") since:2025-09-05"
श्रीकृष्‍ण वराल,Shrikrishna Baral,काठमाडौं,kathmandu,3,"(""श्रीकृष्‍ण वराल"" OR ""Shrikrishna Baral"") (""kathmandu"" OR ""constituency 3"" OR ""निर्वाचन"" OR ""election 2082"" OR ""Nepal election"") since:2025-09-05"
सज्‍जन आचार्य,Sajjan Acharya,काठमाडौं,kathmandu,3,"(""सज्‍जन आचार्य"" OR ""Sajjan Acharya"") (""kathmandu"" OR ""constituency 3"" OR ""निर्वाचन"" OR ""election 2082"" OR ""Nepal election"") since:2025-09-05"
सुन्दर राम बोहरा,Sundar Ram Bohra,काठमाडौं,kathmandu,3,"(""सुन्दर राम बोहरा"" OR ""Sundar Ram Bohra"") (""kathmandu"" OR ""constituency 3"" OR ""निर्वाचन"" OR ""election 2082"" OR ""Nepal election"") since:2025-09-05"
सुरेश कुमार ढुङ्गाना,Suresh Kumar Dhunggana,काठमाडौं,kathmandu,3,"(""सुरेश कुमार ढुङ्गाना"" OR ""Suresh Kumar Dhunggana"") (""kathmandu"" OR ""constituency 3"" OR ""निर्वाचन"" OR ""election 2082"" OR ""Nepal election"") since:2025-09-05"
सुवाश घिसीङ,Suvash Ghising,काठमाडौं,kathmandu,3,"(""सुवाश घिसीङ"" OR ""Suvash Ghising"") (""kathmandu"" OR ""constituency 3"" OR ""निर्वाचन"" OR ""election 2082"" OR ""Nepal election"") since:2025-09-05"
अमित थापा,Amit Thapa,काठमाडौं,kathmandu,5,"(""अमित थापा"" OR ""Amit Thapa"") (""kathmandu"" OR ""constituency 5"" OR ""निर्वाचन"" OR ""election 2082"" OR ""Nepal election"") since:2025-09-05"
अशोक विक्रम जि सी,Ashok Vikram Ji Si,काठमाडौं,kathmandu,5,"(""अशोक विक्रम जि सी"" OR ""Ashok Vikram Ji Si"") (""kathmandu"" OR ""constituency 5"" OR ""निर्वाचन"" OR ""election 2082"" OR ""Nepal election"") since:2025-09-05"
इश्वर पोखरेल,Ishwar Pokharel,काठमाडौं,kathmandu,5,"(""इश्वर पोखरेल"" OR ""Ishwar Pokharel"") (""kathmandu"" OR ""constituency 5"" OR ""निर्वाचन"" OR ""election 2082"" OR ""Nepal election"") since:2025-09-05"
कमल थापा,Kamal Thapa,काठमाडौं,kathmandu,5,"(""कमल थापा"" OR ""Kamal Thapa"") (""kathmandu"" OR ""constituency 5"" OR ""निर्वाचन"" OR ""election 2082"" OR ""Nepal election"") since:2025-09-05"
कल्पना शर्मा,Kalpana Sharma,काठमाडौं,kathmandu,5,"(""कल्पना शर्मा"" OR ""Kalpana Sharma"") (""kathmandu"" OR ""constituency 5"" OR ""निर्वाचन"" OR ""election 2082"" OR ""Nepal election"") since:2025-09-05"
कोमल  पौडेल,Komal Paudel,काठमाडौं,kathmandu,5,"(""कोमल  पौडेल"" OR ""Komal Paudel"") (""kathmandu"" OR ""constituency 5"" OR ""निर्वाचन"" OR ""election 2082"" OR ""Nepal election"") since:2025-09-05"
क्यामुना मिजार,Kyamuna Mijar,काठमाडौं,kathmandu,5,"(""क्यामुना मिजार"" OR ""Kyamuna Mijar"") (""kathmandu"" OR ""constituency 5"" OR ""निर्वाचन"" OR ""election 2082"" OR ""Nepal election"") since:2025-09-05"
ज्ञानेन्द्र प्रजापती,Gyanendra Prajapati,काठमाडौं,kathmandu,5,"(""ज्ञानेन्द्र प्रजापती"" OR ""Gyanendra Prajapati"") (""kathmandu"" OR ""constituency 5"" OR ""निर्वाचन"" OR ""election 2082"" OR ""Nepal election"") since:2025-09-05"
ढक बहादुर कार्की,Dhak Bahadur Karki,काठमाडौं,kathmandu,5,"(""ढक बहादुर कार्की"" OR ""Dhak Bahadur Karki"") (""kathmandu"" OR ""constituency 5"" OR ""निर्वाचन"" OR ""election 2082"" OR ""Nepal election"") since:2025-09-05"
दानिन्द्र जोशी,Danindra Joshi,काठमाडौं,kathmandu,5,"(""दानिन्द्र जोशी"" OR ""Danindra Joshi"") (""kathmandu"" OR ""constituency 5"" OR ""निर्वाचन"" OR ""election 2082"" OR ""Nepal election"") since:2025-09-05"
धर्म डंगोल,Dharm Dangol,काठमाडौं,kathmandu,5,"(""धर्म डंगोल"" OR ""Dharm Dangol"") (""kathmandu"" OR ""constituency 5"" OR ""निर्वाचन"" OR ""election 2082"" OR ""Nepal election"") since:2025-09-05"
निमेस खनाल,Nimes Khanal,काठमाडौं,kathmandu,5,"(""निमेस खनाल"" OR ""Nimes Khanal"") (""kathmandu"" OR ""constituency 5"" OR ""निर्वाचन"" OR ""election 2082"" OR ""Nepal election"") since:2025-09-05"
नीशा अधिकारी,Nisha Adhikari,काठमाडौं,kathmandu,5,"(""नीशा अधिकारी"" OR ""Nisha Adhikari"") (""kathmandu"" OR ""constituency 5"" OR ""निर्वाचन"" OR ""election 2082"" OR ""Nepal election"") since:2025-09-05"
प्रदीप पौडेल,Pradip Paudel,काठमाडौं,kathmandu,5,"(""प्रदीप पौडेल"" OR ""Pradip Paudel"") (""kathmandu"" OR ""constituency 5"" OR ""निर्वाचन"" OR ""election 2082"" OR ""Nepal election"") since:2025-09-05"
प्रभा श्रेष्‍ठ,Prabha Shrestha,काठमाडौं,kathmandu,5,"(""प्रभा श्रेष्‍ठ"" OR ""Prabha Shrestha"") (""kathmandu"" OR ""constituency 5"" OR ""निर्वाचन"" OR ""election 2082"" OR ""Nepal election"") since:2025-09-05"
बसन्त राज कुँवर,Basanta Raj Kunwar,काठमाडौं,kathmandu,5,"(""बसन्त राज कुँवर"" OR ""Basanta Raj Kunwar"") (""kathmandu"" OR ""constituency 5"" OR ""निर्वाचन"" OR ""election 2082"" OR ""Nepal election"") since:2025-09-05"
मिरा गुरुङ,Mira Gurung,काठमाडौं,kathmandu,5,"(""मिरा गुरुङ"" OR ""Mira Gurung"") (""kathmandu"" OR ""constituency 5"" OR ""निर्वाचन"" OR ""election 2082"" OR ""Nepal election"") since:2025-09-05"
युवराज काफ्ले,Yuvraj Kaphle,काठमाडौं,kathmandu,5,"(""युवराज काफ्ले"" OR ""Yuvraj Kaphle"") (""kathmandu"" OR ""constituency 5"" OR ""निर्वाचन"" OR ""election 2082"" OR ""Nepal election"") since:2025-09-05"
रमिता सापकोटा,Ramita Sapkota,काठमाडौं,kathmandu,5,"(""रमिता सापकोटा"" OR ""Ramita Sapkota"") (""kathmandu"" OR ""constituency 5"" OR ""निर्वाचन"" OR ""election 2082"" OR ""Nepal election"") since:2025-09-05"
रमेश तामाङ,Ramesh Tamang,काठमाडौं,kathmandu,5,"(""रमेश तामाङ"" OR ""Ramesh Tamang"") (""kathmandu"" OR ""constituency 5"" OR ""निर्वाचन"" OR ""election 2082"" OR ""Nepal election"") since:2025-09-05"
विष्‍णु श्रेष्‍ठ,Vishnu Shrestha,काठमाडौं,kathmandu,5,"(""विष्‍णु श्रेष्‍ठ"" OR ""Vishnu Shrestha"") (""kathmandu"" OR ""constituency 5"" OR ""निर्वाचन"" OR ""election 2082"" OR ""Nepal election"") since:2025-09-05"
शाेभा लाल श्रेष्ठ,Shobha Lal Shrestha,काठमाडौं,kathmandu,5,"(""शाेभा लाल श्रेष्ठ"" OR ""Shobha Lal Shrestha"") (""kathmandu"" OR ""constituency 5"" OR ""निर्वाचन"" OR ""election 2082"" OR ""Nepal election"") since:2025-09-05"
श्रीराम गुरुङ,Shriram Gurung,काठमाडौं,kathmandu,5,"(""श्रीराम गुरुङ"" OR ""Shriram Gurung"") (""kathmandu"" OR ""constituency 5"" OR ""निर्वाचन"" OR ""election 2082"" OR ""Nepal election"") since:2025-09-05"
सस्मित पोखरेल,Sasmit Pokharel,काठमाडौं,kathmandu,5,"(""सस्मित पोखरेल"" OR ""Sasmit Pokharel"") (""kathmandu"" OR ""constituency 5"" OR ""निर्वाचन"" OR ""election 2082"" OR ""Nepal election"") since:2025-09-05"
स्याम काजी सुनुवार,Syam Kaji Sunuvar,काठमाडौं,kathmandu,5,"(""स्याम काजी सुनुवार"" OR ""Syam Kaji Sunuvar"") (""kathmandu"" OR ""constituency 5"" OR ""निर्वाचन"" OR ""election 2082"" OR ""Nepal election"") since:2025-09-05"
कुसुम देवी थापा,Kusum Devi Thapa,रुकुम (पूर्वी भाग),rukum_east,1,"(""कुसुम देवी थापा"" OR ""Kusum Devi Thapa"") (""rukum_east"" OR ""constituency 1"" OR ""निर्वाचन"" OR ""election 2082"" OR ""Nepal election"") since:2025-09-05"
चन्द्र प्रसाद शाही,Chandra Prasad Shahi,रुकुम (पूर्वी भाग),rukum_east,1,"(""चन्द्र प्रसाद शाही"" OR ""Chandra Prasad Shahi"") (""rukum_east"" OR ""constituency 1"" OR ""निर्वाचन"" OR ""election 2082"" OR ""Nepal election"") since:2025-09-05"
जुद्ध बहादुर बुढा मगर,Juddh Bahadur Budha Magar,रुकुम (पूर्वी भाग),rukum_east,1,"(""जुद्ध बहादुर बुढा मगर"" OR ""Juddh Bahadur Budha Magar"") (""rukum_east"" OR ""constituency 1"" OR ""निर्वाचन"" OR ""election 2082"" OR ""Nepal election"") since:2025-09-05"
ज्योति रोका मगर,Jyoti Roka Magar,रुकुम (पूर्वी भाग),rukum_east,1,"(""ज्योति रोका मगर"" OR ""Jyoti Roka Magar"") (""rukum_east"" OR ""constituency 1"" OR ""निर्वाचन"" OR ""election 2082"" OR ""Nepal election"") since:2025-09-05"
धर्म कुमार बुढा,Dharm Kumar Budha,रुकुम (पूर्वी भाग),rukum_east,1,"(""धर्म कुमार बुढा"" OR ""Dharm Kumar Budha"") (""rukum_east"" OR ""constituency 1"" OR ""निर्वाचन"" OR ""election 2082"" OR ""Nepal election"") since:2025-09-05"
पुष्प कमल दाहाल प्रचण्ड,Pushpa Kamal Dahal Prachanda,रुकुम (पूर्वी भाग),rukum_east,1,"(""पुष्प कमल दाहाल प्रचण्ड"" OR ""Pushpa Kamal Dahal Prachanda"" OR ""Prachanda"" OR ""प्रचण्ड"" OR ""Dahal"") (""rukum_east"" OR ""constituency 1"" OR ""निर्वाचन"" OR ""election 2082"" OR ""Nepal election"") since:2025-09-05"
रोषण शाह,Roshan Shah,रुकुम (पूर्वी भाग),rukum_east,1,"(""रोषण शाह"" OR ""Roshan Shah"") (""rukum_east"" OR ""constituency 1"" OR ""निर्वाचन"" OR ""election 2082"" OR ""Nepal election"") since:2025-09-05"
लखन कुमार थापा,Lakhan Kumar Thapa,रुकुम (पूर्वी भाग),rukum_east,1,"(""लखन कुमार थापा"" OR ""Lakhan Kumar Thapa"") (""rukum_east"" OR ""constituency 1"" OR ""निर्वाचन"" OR ""election 2082"" OR ""Nepal election"") since:2025-09-05"
लिलामणी गौतम,Lilamani Gautam,रुकुम (पूर्वी भाग),rukum_east,1,"(""लिलामणी गौतम"" OR ""Lilamani Gautam"") (""rukum_east"" OR ""constituency 1"" OR ""निर्वाचन"" OR ""election 2082"" OR ""Nepal election"") since:2025-09-05"
सन्दिप पुन,Sandip Pun,रुकुम (पूर्वी भाग),rukum_east,1,"(""सन्दिप पुन"" OR ""Sandip Pun"") (""rukum_east"" OR ""constituency 1"" OR ""निर्वाचन"" OR ""election 2082"" OR ""Nepal election"") since:2025-09-05"
सिर बहादुर बुढा,Sir Bahadur Budha,रुकुम (पूर्वी भाग),rukum_east,1,"(""सिर बहादुर बुढा"" OR ""Sir Bahadur Budha"") (""rukum_east"" OR ""constituency 1"" OR ""निर्वाचन"" OR ""election 2082"" OR ""Nepal election"") since:2025-09-05"
अजय ओझा,Ajay Ojha,सर्लाही,sarlahi,4,"(""अजय ओझा"" OR ""Ajay Ojha"") (""sarlahi"" OR ""constituency 4"" OR ""निर्वाचन"" OR ""election 2082"" OR ""Nepal election"") since:2025-09-05"
अमनिश कुमार यादव,Amnish Kumar Yadav,सर्लाही,sarlahi,4,"(""अमनिश कुमार यादव"" OR ""Amnish Kumar Yadav"") (""sarlahi"" OR ""constituency 4"" OR ""निर्वाचन"" OR ""election 2082"" OR ""Nepal election"") since:2025-09-05"
अमरेश कुमार सिह,Amresh Kumar Sih,सर्लाही,sarlahi,4,"(""अमरेश कुमार सिह"" OR ""Amresh Kumar Sih"") (""sarlahi"" OR ""constituency 4"" OR ""निर्वाचन"" OR ""election 2082"" OR ""Nepal election"") since:2025-09-05"
अमित रंजन सिंह,Amit Ranjan Singh,सर्लाही,sarlahi,4,"(""अमित रंजन सिंह"" OR ""Amit Ranjan Singh"") (""sarlahi"" OR ""constituency 4"" OR ""निर्वाचन"" OR ""election 2082"" OR ""Nepal election"") since:2025-09-05"
अम्बुज प्रसाद साह,Ambuj Prasad Sah,सर्लाही,sarlahi,4,"(""अम्बुज प्रसाद साह"" OR ""Ambuj Prasad Sah"") (""sarlahi"" OR ""constituency 4"" OR ""निर्वाचन"" OR ""election 2082"" OR ""Nepal election"") since:2025-09-05"
अरविन्द कुमार ठाकुर,Arvind Kumar Thakur,सर्लाही,sarlahi,4,"(""अरविन्द कुमार ठाकुर"" OR ""Arvind Kumar Thakur"") (""sarlahi"" OR ""constituency 4"" OR ""निर्वाचन"" OR ""election 2082"" OR ""Nepal election"") since:2025-09-05"
उदय कान्‍त मिश्र,Uday Kant Mishra,सर्लाही,sarlahi,4,"(""उदय कान्‍त मिश्र"" OR ""Uday Kant Mishra"") (""sarlahi"" OR ""constituency 4"" OR ""निर्वाचन"" OR ""election 2082"" OR ""Nepal election"") since:2025-09-05"
कमलेश मण्डल,Kamlesh Mandal,सर्लाही,sarlahi,4,"(""कमलेश मण्डल"" OR ""Kamlesh Mandal"") (""sarlahi"" OR ""constituency 4"" OR ""निर्वाचन"" OR ""election 2082"" OR ""Nepal election"") since:2025-09-05"
गगन कुमार थापा,Gagan Kumar Thapa,सर्लाही,sarlahi,4,"(""गगन कुमार थापा"" OR ""Gagan Kumar Thapa"" OR ""Gagan Thapa"" OR ""Gagan dai"" OR ""गगन थापा"") (""sarlahi"" OR ""constituency 4"" OR ""निर्वाचन"" OR ""election 2082"" OR ""Nepal election"") since:2025-09-05"
गनेश प्रसाद सिंह,Ganesh Prasad Singh,सर्लाही,sarlahi,4,"(""गनेश प्रसाद सिंह"" OR ""Ganesh Prasad Singh"") (""sarlahi"" OR ""constituency 4"" OR ""निर्वाचन"" OR ""election 2082"" OR ""Nepal election"") since:2025-09-05"
चुन चुन भण्डारी,Chun Chun Bhandari,सर्लाही,sarlahi,4,"(""चुन चुन भण्डारी"" OR ""Chun Chun Bhandari"") (""sarlahi"" OR ""constituency 4"" OR ""निर्वाचन"" OR ""election 2082"" OR ""Nepal election"") since:2025-09-05"
छोटेलाल कुमार यादव,Chhotelal Kumar Yadav,सर्लाही,sarlahi,4,"(""छोटेलाल कुमार यादव"" OR ""Chhotelal Kumar Yadav"") (""sarlahi"" OR ""constituency 4"" OR ""निर्वाचन"" OR ""election 2082"" OR ""Nepal election"") since:2025-09-05"
जय शंकर सिंह कुशवाहा,Jay Shankar Singh Kushwaha,सर्लाही,sarlahi,4,"(""जय शंकर सिंह कुशवाहा"" OR ""Jay Shankar Singh Kushwaha"") (""sarlahi"" OR ""constituency 4"" OR ""निर्वाचन"" OR ""election 2082"" OR ""Nepal election"") since:2025-09-05"
ज्ञानेन्द्र प्रसाद कुशवाहा,Gyanendra Prasad Kushwaha,सर्लाही,sarlahi,4,"(""ज्ञानेन्द्र प्रसाद कुशवाहा"" OR ""Gyanendra Prasad Kushwaha"") (""sarlahi"" OR ""constituency 4"" OR ""निर्वाचन"" OR ""election 2082"" OR ""Nepal election"") since:2025-09-05"
धिरज ठाकुर,Dhiraj Thakur,सर्लाही,sarlahi,4,"(""धिरज ठाकुर"" OR ""Dhiraj Thakur"") (""sarlahi"" OR ""constituency 4"" OR ""निर्वाचन"" OR ""election 2082"" OR ""Nepal election"") since:2025-09-05"
नरेन्द्र प्रसाद सिंह,Narendra Prasad Singh,सर्लाही,sarlahi,4,"(""नरेन्द्र प्रसाद सिंह"" OR ""Narendra Prasad Singh"") (""sarlahi"" OR ""constituency 4"" OR ""निर्वाचन"" OR ""election 2082"" OR ""Nepal election"") since:2025-09-05"
निलेश कुमार यादव,Nilesh Kumar Yadav,सर्लाही,sarlahi,4,"(""निलेश कुमार यादव"" OR ""Nilesh Kumar Yadav"") (""sarlahi"" OR ""constituency 4"" OR ""निर्वाचन"" OR ""election 2082"" OR ""Nepal election"") since:2025-09-05"
पीताम्वर सिंह कुशवाहा,Pitambar Singh Kushwaha,सर्लाही,sarlahi,4,"(""पीताम्वर सिंह कुशवाहा"" OR ""Pitambar Singh Kushwaha"") (""sarlahi"" OR ""constituency 4"" OR ""निर्वाचन"" OR ""election 2082"" OR ""Nepal election"") since:2025-09-05"
प्रदीप कुमार झा,Pradip Kumar Jha,सर्लाही,sarlahi,4,"(""प्रदीप कुमार झा"" OR ""Pradip Kumar Jha"") (""sarlahi"" OR ""constituency 4"" OR ""निर्वाचन"" OR ""election 2082"" OR ""Nepal election"") since:2025-09-05"
मधुमाला कुमारी यादव,Madhumala Kumari Yadav,सर्लाही,sarlahi,4,"(""मधुमाला कुमारी यादव"" OR ""Madhumala Kumari Yadav"") (""sarlahi"" OR ""constituency 4"" OR ""निर्वाचन"" OR ""election 2082"" OR ""Nepal election"") since:2025-09-05"
महेश मंडल धानुक,Mahesh Mandal Dhanuk,सर्लाही,sarlahi,4,"(""महेश मंडल धानुक"" OR ""Mahesh Mandal Dhanuk"") (""sarlahi"" OR ""constituency 4"" OR ""निर्वाचन"" OR ""election 2082"" OR ""Nepal election"") since:2025-09-05"
मुकेश प्रसाद कुशवाहा,Mukesh Prasad Kushwaha,सर्लाही,sarlahi,4,"(""मुकेश प्रसाद कुशवाहा"" OR ""Mukesh Prasad Kushwaha"") (""sarlahi"" OR ""constituency 4"" OR ""निर्वाचन"" OR ""election 2082"" OR ""Nepal election"") since:2025-09-05"
रजनिस राय,Rajnis Ray,सर्लाही,sarlahi,4,"(""रजनिस राय"" OR ""Rajnis Ray"") (""sarlahi"" OR ""constituency 4"" OR ""निर्वाचन"" OR ""election 2082"" OR ""Nepal election"") since:2025-09-05"
रमण मिश्र,Raman Mishra,सर्लाही,sarlahi,4,"(""रमण मिश्र"" OR ""Raman Mishra"") (""sarlahi"" OR ""constituency 4"" OR ""निर्वाचन"" OR ""election 2082"" OR ""Nepal election"") since:2025-09-05"
राकेश कुमार मिश्र,Rakesh Kumar Mishra,सर्लाही,sarlahi,4,"(""राकेश कुमार मिश्र"" OR ""Rakesh Kumar Mishra"") (""sarlahi"" OR ""constituency 4"" OR ""निर्वाचन"" OR ""election 2082"" OR ""Nepal election"") since:2025-09-05"
राम प्रवेश यादव,Ram Pravesh Yadav,सर्लाही,sarlahi,4,"(""राम प्रवेश यादव"" OR ""Ram Pravesh Yadav"") (""sarlahi"" OR ""constituency 4"" OR ""निर्वाचन"" OR ""election 2082"" OR ""Nepal election"") since:2025-09-05"
रामचरित्र सहनी,Ramcharitra Sahani,सर्लाही,sarlahi,4,"(""रामचरित्र सहनी"" OR ""Ramcharitra Sahani"") (""sarlahi"" OR ""constituency 4"" OR ""निर्वाचन"" OR ""election 2082"" OR ""Nepal election"") since:2025-09-05"
रामनाथ  प्रसाद  साह ,Ramnath Prasad Sah,सर्लाही,sarlahi,4,"(""रामनाथ  प्रसाद  साह"" OR ""Ramnath Prasad Sah"") (""sarlahi"" OR ""constituency 4"" OR ""निर्वाचन"" OR ""election 2082"" OR ""Nepal election"") since:2025-09-05"
रामेश्‍वर राय यादव,Rameshwar Ray Yadav,सर्लाही,sarlahi,4,"(""रामेश्‍वर राय यादव"" OR ""Rameshwar Ray Yadav"") (""sarlahi"" OR ""constituency 4"" OR ""निर्वाचन"" OR ""election 2082"" OR ""Nepal election"") since:2025-09-05"
रिंकी कुमारी साह,Rinki Kumari Sah,सर्लाही,sarlahi,4,"(""रिंकी कुमारी साह"" OR ""Rinki Kumari Sah"") (""sarlahi"" OR ""constituency 4"" OR ""निर्वाचन"" OR ""election 2082"" OR ""Nepal election"") since:2025-09-05"
लखेन्द्र महतो,Lakhendra Mahato,सर्लाही,sarlahi,4,"(""लखेन्द्र महतो"" OR ""Lakhendra Mahato"") (""sarlahi"" OR ""constituency 4"" OR ""निर्वाचन"" OR ""election 2082"" OR ""Nepal election"") since:2025-09-05"
विक्रम यादव,Vikram Yadav,सर्लाही,sarlahi,4,"(""विक्रम यादव"" OR ""Vikram Yadav"") (""sarlahi"" OR ""constituency 4"" OR ""निर्वाचन"" OR ""election 2082"" OR ""Nepal election"") since:2025-09-05"
शिव प्रसाद साह,Shiv Prasad Sah,सर्लाही,sarlahi,4,"(""शिव प्रसाद साह"" OR ""Shiv Prasad Sah"") (""sarlahi"" OR ""constituency 4"" OR ""निर्वाचन"" OR ""election 2082"" OR ""Nepal election"") since:2025-09-05"
शुलपानी झा,Shulpani Jha,सर्लाही,sarlahi,4,"(""शुलपानी झा"" OR ""Shulpani Jha"") (""sarlahi"" OR ""constituency 4"" OR ""निर्वाचन"" OR ""election 2082"" OR ""Nepal election"") since:2025-09-05"
संजिव कुमार पासवान,Sanjiv Kumar Paswan,सर्लाही,sarlahi,4,"(""संजिव कुमार पासवान"" OR ""Sanjiv Kumar Paswan"") (""sarlahi"" OR ""constituency 4"" OR ""निर्वाचन"" OR ""election 2082"" OR ""Nepal election"") since:2025-09-05"
संतोष कुमार निषाद,Santosh Kumar Nishad,सर्लाही,sarlahi,4,"(""संतोष कुमार निषाद"" OR ""Santosh Kumar Nishad"") (""sarlahi"" OR ""constituency 4"" OR ""निर्वाचन"" OR ""election 2082"" OR ""Nepal election"") since:2025-09-05"
सचित्र सहनी,Sachitra Sahani,सर्लाही,sarlahi,4,"(""सचित्र सहनी"" OR ""Sachitra Sahani"") (""sarlahi"" OR ""constituency 4"" OR ""निर्वाचन"" OR ""election 2082"" OR ""Nepal election"") since:2025-09-05"
हरिनन्दन कुमार रंजन,Harinandan Kumar Ranjan,सर्लाही,sarlahi,4,"(""हरिनन्दन कुमार रंजन"" OR ""Harinandan Kumar Ranjan"") (""sarlahi"" OR ""constituency 4"" OR ""निर्वाचन"" OR ""election 2082"" OR ""Nepal election"") since:2025-09-05"
ओम विक्रम पन्त,Om Vikram Pant,तनहुँ,tanahu,1,"(""ओम विक्रम पन्त"" OR ""Om Vikram Pant"") (""tanahu"" OR ""constituency 1"" OR ""निर्वाचन"" OR ""election 2082"" OR ""Nepal election"") since:2025-09-05"
काशीराम गुरुङ,Kashiram Gurung,तनहुँ,tanahu,1,"(""काशीराम गुरुङ"" OR ""Kashiram Gurung"") (""tanahu"" OR ""constituency 1"" OR ""निर्वाचन"" OR ""election 2082"" OR ""Nepal election"") since:2025-09-05"
गोविन्द भट्टराई,Govind Bhattarai,तनहुँ,tanahu,1,"(""गोविन्द भट्टराई"" OR ""Govind Bhattarai"") (""tanahu"" OR ""constituency 1"" OR ""निर्वाचन"" OR ""election 2082"" OR ""Nepal election"") since:2025-09-05"
चिजा माया अधिकारी,Chija Maya Adhikari,तनहुँ,tanahu,1,"(""चिजा माया अधिकारी"" OR ""Chija Maya Adhikari"") (""tanahu"" OR ""constituency 1"" OR ""निर्वाचन"" OR ""election 2082"" OR ""Nepal election"") since:2025-09-05"
दिपक राज जोशी,Deepak Raj Joshi,तनहुँ,tanahu,1,"(""दिपक राज जोशी"" OR ""Deepak Raj Joshi"") (""tanahu"" OR ""constituency 1"" OR ""निर्वाचन"" OR ""election 2082"" OR ""Nepal election"") since:2025-09-05"
प्रेम बहादुर थापा,Prem Bahadur Thapa,तनहुँ,tanahu,1,"(""प्रेम बहादुर थापा"" OR ""Prem Bahadur Thapa"") (""tanahu"" OR ""constituency 1"" OR ""निर्वाचन"" OR ""election 2082"" OR ""Nepal election"") since:2025-09-05"
भगवती न्यौपाने,Bhagwati Nyaupane,तनहुँ,tanahu,1,"(""भगवती न्यौपाने"" OR ""Bhagwati Nyaupane"") (""tanahu"" OR ""constituency 1"" OR ""निर्वाचन"" OR ""election 2082"" OR ""Nepal election"") since:2025-09-05"
मन्‍जिल राना,Manjil Rana,तनहुँ,tanahu,1,"(""मन्‍जिल राना"" OR ""Manjil Rana"") (""tanahu"" OR ""constituency 1"" OR ""निर्वाचन"" OR ""election 2082"" OR ""Nepal election"") since:2025-09-05"
याम बहादुर आले,Yam Bahadur Ale,तनहुँ,tanahu,1,"(""याम बहादुर आले"" OR ""Yam Bahadur Ale"") (""tanahu"" OR ""constituency 1"" OR ""निर्वाचन"" OR ""election 2082"" OR ""Nepal election"") since:2025-09-05"
राम लक्ष्मी दुवाल,Ram Lakshmi Duwal,तनहुँ,tanahu,1,"(""राम लक्ष्मी दुवाल"" OR ""Ram Lakshmi Duwal"") (""tanahu"" OR ""constituency 1"" OR ""निर्वाचन"" OR ""election 2082"" OR ""Nepal election"") since:2025-09-05"
रामदत्त जोशी,Ramdatta Joshi,तनहुँ,tanahu,1,"(""रामदत्त जोशी"" OR ""Ramdatta Joshi"") (""tanahu"" OR ""constituency 1"" OR ""निर्वाचन"" OR ""election 2082"" OR ""Nepal election"") since:2025-09-05"
लेख नाथ खनाल,Lekh Nath Khanal,तनहुँ,tanahu,1,"(""लेख नाथ खनाल"" OR ""Lekh Nath Khanal"") (""tanahu"" OR ""constituency 1"" OR ""निर्वाचन"" OR ""election 2082"" OR ""Nepal election"") since:2025-09-05"
विद्या नाथ ढकाल,Vidya Nath Dhakal,तनहुँ,tanahu,1,"(""विद्या नाथ ढकाल"" OR ""Vidya Nath Dhakal"") (""tanahu"" OR ""constituency 1"" OR ""निर्वाचन"" OR ""election 2082"" OR ""Nepal election"") since:2025-09-05"
सन्देश रानाभाट लौडारी,Sandesh Ranabhat Laudari,तनहुँ,tanahu,1,"(""सन्देश रानाभाट लौडारी"" OR ""Sandesh Ranabhat Laudari"") (""tanahu"" OR ""constituency 1"" OR ""निर्वाचन"" OR ""election 2082"" OR ""Nepal election"") since:2025-09-05"
सुमन थापा मगर,Suman Thapa Magar,तनहुँ,tanahu,1,"(""सुमन थापा मगर"" OR ""Suman Thapa Magar"") (""tanahu"" OR ""constituency 1"" OR ""निर्वाचन"" OR ""election 2082"" OR ""Nepal election"") since:2025-09-05"
स्वर्णिम वाग्ले,Swarnim Wagle,तनहुँ,tanahu,1,"(""स्वर्णिम वाग्ले"" OR ""Swarnim Wagle"" OR ""Swarnim"" OR ""स्वर्णिम वाग्ले"") (""tanahu"" OR ""constituency 1"" OR ""निर्वाचन"" OR ""election 2082"" OR ""Nepal election"") since:2025-09-05"
