Candidate,EnglishName,Constituency,Author,Text
अर्जुन सापकोटा,Arjun Sapkota,jhapa_5,शशांक घिमिरे ,म कलाकार भन्दा पनि सचेत युवाको भुमिकाले आन्दोलनमा आएको हु भन्दै माइतीघरबाट जं गिए चर्चित गायक अर्जुन सापकोटा
अर्जुन सापकोटा,Arjun Sapkota,jhapa_5,Sidhakura,वडाअध्यक्षका छोरा अर्जुन सापकोटा (टिका) ले झापा–५ बाट बागी उम्मेदवारी दिएका छन् ।  उनी दमक-२ का वडाअध्यक्ष प्रजापति सापकोटाका छोरा हुन् ।
अर्जुन सापकोटा,Arjun Sapkota,jhapa_5,Routine of Nepal banda,Wow... Singer Arjun Sapkota is currently at No. 1 position in 'Top Artist from Nepal' list with 4.74 Lakhs Viberate Popularity as per Viberate.
अर्जुन सापकोटा,Arjun Sapkota,jhapa_5,indrenitimes dotcom,Gen Z आन्दोलनमा आगजनी गरिएको टिकटकर अंश वर्मालगायतद्वारा पुन: सञ्चालित चिया बगान किर्तिपुरमा गायक अर्जुन सापकोटा लगायत #indrenitimes
अर्जुन सापकोटा,Arjun Sapkota,jhapa_5,Nabin,"झालिको तिम्रो याद अलिको हिमाल भन्दा नि ! बधाई छ अर्जुन सापकोटा, मेलिना राई, समिक्षा अधिकारी र कुसुम भण्डारी"
अर्जुन सापकोटा,Arjun Sapkota,jhapa_5,Dainik Nepal,अर्जुन सापकोटा र प्रिया भण्डारीको स्वरमा नयाँ गीत ‘म त पत्याउन्न केरे’ सार्वजनिक
अर्जुन सापकोटा,Arjun Sapkota,jhapa_5,Sushil Panta,"‘वनकी चरी’देखि ‘झलिको’सम्म : लोक-संगीतका नयाँ स्टार अर्जुनको सफल उडान  https:// lokaantar.com/story/305768/2 025/12/6/music/arjun-sapkota- … नशा-नशामा गीत-सङ्गीतको आवाज बग्छ । एउटा सामान्य परिवारको मान्छे यही क्षेत्रलाई कर्म बनाएर स्याङ्जाबाट नवलपरासी हुँदै काठमाडौं आएँ, एउटा ठिटोलाई अर्जुन सापकोटा बनायो"
अर्जुन सापकोटा,Arjun Sapkota,jhapa_5,arjun sapkota,Check out Mr. Acharya's video! #TikTok
अर्जुन सापकोटा,Arjun Sapkota,jhapa_5,Arjun Sapkota,@SadhguruJV  soil is a life making material it is not some kind of  http:// dust.To thrive life strongly soil has to thrive  http:// first.it is our fundamental responsibility to make this happen.#savesoil.
अर्जुन सापकोटा,Arjun Sapkota,jhapa_5,Arjun Sapkota,@SadhguruJV
अर्जुन सापकोटा,Arjun Sapkota,jhapa_5,Sagar Sunar,प्रथम कपिलवस्तु व्यापार मेलामा  चर्चित लोकदोहोरी गायक अर्जुन सापकोटा  https:// facebook.com/share/v/17qWyd ptTX/ …
अर्जुन सापकोटा,Arjun Sapkota,jhapa_5,Arjun Sapkota,@SadhguruJV  Soil is the most important aspect to conduct life.Soil health is very crucial to become healthy life in this  http:// planet.It is our fundamental responsibility to conserve soil.#save soil.Let us make it happen
अर्जुन सापकोटा,Arjun Sapkota,jhapa_5,Prem Gharti,Jhaliko झलिको - Arjun Sapkota | Melina Rai | Samikshya Adhikari | Kusum ...  https:// youtu.be/UeiqkpLTOX4?si =03rYxfjyHqnqdhDn … via  @YouTube
अर्जुन सापकोटा,Arjun Sapkota,jhapa_5,arjun sapkota,Maile pani man pareko mancheho tara not for this time  you need too work more 5 years for Dharan after then we will think for you forther
अर्जुन सापकोटा,Arjun Sapkota,jhapa_5,arjun sapkota,35 barsha desh lai lutne haru sanga jaruri chaina
अर्जुन सापकोटा,Arjun Sapkota,jhapa_5,Nepalkhabar,एक महिनाअघि सार्वजनिक भएको ‘झलिको’ गीत निकै लोकप्रिय बन्यो। प्रेमभाव प्रकट गर्ने गीतलाई टिकटकदेखि युट्युबसम्म अत्यधिक रुचाइयो। गीतका हरेक हरफमा ३० लाख बढी टिकटक बने। युट्युबमा पनि गीतलाई डेढ करोड बढी पटक हेरिएको छ। यो लोभलाग्दो सफलतासँगै गायक अर्जुन सापकोटा पनि सांगीतिक करिअरको
अर्जुन सापकोटा,Arjun Sapkota,jhapa_5,Bhandari r,Sath ma arjun sapkota bhanne singer lai ni karwahi hunu parxa
अर्जुन सापकोटा,Arjun Sapkota,jhapa_5,Arjun Sapkota,@SadhguruJV  save soil save future
अर्जुन सापकोटा,Arjun Sapkota,jhapa_5,Lokantar News,‘वनकी चरी’देखि ‘झलिको’सम्म : लोक-संगीतका नयाँ स्टार अर्जुनको सफल उडान
अर्जुन सापकोटा,Arjun Sapkota,jhapa_5,Arjun Sapkota,Congratulations sir and team
अर्जुन सापकोटा,Arjun Sapkota,jhapa_5,arjun sapkota,Esta ghosana patra 35 barsha dekhi herdai aka chau hami Nepali janatale ajhai pani patyaidnu parne
अर्जुन सापकोटा,Arjun Sapkota,jhapa_5,arjun sapkota,Abata ta jasto ghadi chor ani kuling period ko dalal le bhane jasto hudaina
अर्जुन सापकोटा,Arjun Sapkota,jhapa_5,arjun sapkota,Bela dinu parne yestaiho chor dalalharulai
अर्जुन सापकोटा,Arjun Sapkota,jhapa_5,Lokantar News,डेढ वर्ष लगाएर तयार पारिएको ‘झलिको’ गीतले रिलिज भएको तीन सातामै करोड भ्यूज पायो । टिकटकमा त एकछत्र कब्जा नै जमायो ।  #loksangeet #arjunsapkotasong #nepalimusic #LokantarNews
अर्जुन सापकोटा,Arjun Sapkota,jhapa_5,NepalPress,"गैडाकोटमा अर्जुन सापकोटालाई पैसाको माला, फ्रेममा सजाएर राख्ने  कोहलपुरमा एक फ्यान रुँदारुँदै बेहोस"
के.पी शर्मा ओली,Ke Pi Sharma Oli,jhapa_5,शशांक घिमिरे ,इन्डियन आर्मी  ले नेपाली शेर बहादुर देउवा .पुस्प कमल दहाल.के पी शर्मा ओलि लाई इंडिया प्रबेस निसेध गरियो  ल हेर्नुस यो भिडियो
के.पी शर्मा ओली,Ke Pi Sharma Oli,jhapa_5,Raja Prasad Yadav,Nepal:- नेपाल के प्रधानमंत्री के. पी. शर्मा ओलि ने इस्तीफा दे दिया है.   नेपाल के वित्त मंत्री को Kathmandu के सड़कों पर दौड़ा-दौड़ा कर पिता Gen Z ने.  #Nepalprotest
के.पी शर्मा ओली,Ke Pi Sharma Oli,jhapa_5,P.N.Rai,"जैसे सत्ता में आए थे, उसी तरह निपट गए। कम्युनिस्टों का पतन। प्रधानमंत्री आवास खाक। के पी शर्मा ओली फरार।  कम्युनिस्ट पार्टी ऑफ नेपाल और नेपाली कांग्रेस के दफ्तर जला दिए गए।  राष्ट्रवादियों की विजय।"
के.पी शर्मा ओली,Ke Pi Sharma Oli,jhapa_5,Waseem Zaidi,नेपाल: भक्तपुर स्थित पूर्व प्रधानमंत्री के.पी. शर्मा ओली के निजी आवास में आग लगने पर प्रदर्शनकारियों ने नाचते-गाते जश्न मनाया। कथित भ्रष्टाचार को लेकर सरकार के खिलाफ प्रदर्शनों के बीच नेपाल के प्रधानमंत्री ने आज दोपहर इस्तीफा दे दिया। #Nepal #NepalProtest #KPSharmaOli
के.पी शर्मा ओली,Ke Pi Sharma Oli,jhapa_5,DW Hindi,सोशल मीडिया पर पाबंदी का विरोध करने के साथ शुरू हुए आंदोलन में मंगलवार को प्रधानमंत्री के पी शर्मा ओली को इस्तीफा देना पड़ा. सोशल मीडिया पर पाबंदी नेपाल के लिए इतनी भयानक क्यों हो गई? #Nepal #Nepalprotest
के.पी शर्मा ओली,Ke Pi Sharma Oli,jhapa_5,FirstBiharJharkhand,नेपाल: भक्तपुर स्थित पूर्व प्रधानमंत्री के.पी. शर्मा ओली के निजी आवास में आग लगने के बाद प्रदर्शनकारियों ने नाचते-गाते जश्न मनाया। कथित भ्रष्टाचार को लेकर सरकार के खिलाफ प्रदर्शनों के बीच नेपाल के प्रधानमंत्री ने आज दोपहर इस्तीफा दे दिया।  #NepalProtest #KPSharmaOli #Bhaktapur
के.पी शर्मा ओली,Ke Pi Sharma Oli,jhapa_5,𝙹𝙴𝙴𝚃,नेपाल न्यूज   भक्तपुर स्थित पूर्व प्रधानमंत्री के.पी. शर्मा ओली के निजी आवास में आग लगने पर प्रदर्शनकारियों ने नाचते-गाते जश्न मनाया।
के.पी शर्मा ओली,Ke Pi Sharma Oli,jhapa_5,नास्तिक पक्याभाऊ महाराष्ट्र राज्य,फक्त माहितीसाठी  नेपालचा माजी पंतप्रधान के पी शर्मा ओली हे जातीने बामन होते तर आता होणारा पंतप्रधान बलेंद्र शहा हे नेवार बौद्ध समाजातील आहेत…!  आता सांगा कोणाची सत्ता गेली व कोणाची सत्ता आली   आंधभक्त बजाव गोली मार भेजे मै ढिचक्यों
के.पी शर्मा ओली,Ke Pi Sharma Oli,jhapa_5,News18 India,के.पी. शर्मा ओली के बयान पर नाराज़गी अयोध्या के संतों ने जताई नाराज़गी नेपाल की जनता के नाम लिखी चिट्ठी आंदोलन को अपने ख़िलाफ़ साज़िश बताया #SauBaatKiEkBaat |  @KishoreAjwani
के.पी शर्मा ओली,Ke Pi Sharma Oli,jhapa_5,LB Sahani,नेपाल में प्रदर्शनकारियों ने भक्तापुर में पूर्व प्रधानमंत्री के. पी. शर्मा ओली के खिलाफ कथित भ्रस्टाचार को लेकर उनके घर को लगा दी।
के.पी शर्मा ओली,Ke Pi Sharma Oli,jhapa_5,Ankit Kumar Avasthi,नेपाल में ऐतिहासिक राजनीतिक बदलाव!  Gen Z युवाओं के लगातार प्रदर्शनों और प्रधानमंत्री के.पी. शर्मा ओली के इस्तीफ़े के बाद नेपाल की कमान अब महिला शक्ति के हाथों में आ गई है।  73 वर्षीय सुशीला कार्की नेपाल की पहली महिला प्रधानमंत्री बनने जा रही हैं।   नेपाल की पूर्व मुख्य न्यायाधीश
के.पी शर्मा ओली,Ke Pi Sharma Oli,jhapa_5,ANI_HindiNews,"#WATCH  उत्तर प्रदेश के महाराजगंज के सोनौली में भारत-नेपाल सीमा का वीडियो, जहां नेपाल जाने वाले भारतीय नागरिक अपनी योजना रद्द कर अपने गृह राज्यों को लौट रहे हैं, क्योंकि पड़ोसी देश में हिंसक विरोध प्रदर्शन और सरकार में कथित भ्रष्टाचार को लेकर प्रधानमंत्री के.पी. शर्मा ओली के"
के.पी शर्मा ओली,Ke Pi Sharma Oli,jhapa_5,News18 India,के. पी. शर्मा ओली पर गंभीर आरोप  आय से ज़्यादा संपत्ति होने का आरोप स्विट्ज़रलैंड में जमा होने का दावा  बैंक खातों में जमा होने का दावा  #SauBaatKiEkBaat |  @KishoreAjwani
के.पी शर्मा ओली,Ke Pi Sharma Oli,jhapa_5,डीडी न्यूज़,"#NewsPunch: नेपाल में राजनीतिक संकट  नेपाल के प्रधानमंत्री के.पी. शर्मा ओली ने देशभर में हुए हिंसक विरोध प्रदर्शनों के बाद इस्तीफा दे दिया है,ये प्रदर्शन कथित भ्रष्टाचार, विवादास्पद सोशल मीडिया प्रतिबंध और बढ़ते जनाक्रोश के बीच उनके निष्कासन की मांग को लेकर हुए थे   @AnchorKritika"
के.पी शर्मा ओली,Ke Pi Sharma Oli,jhapa_5,NewsNasha,"ताज़ा खबर: नेपाल के प्रधानमंत्री के.पी. शर्मा ओली को हेलिकॉप्टर से भागना पड़ा! वीडियो सामने आया है, हालात बिगड़ने के बाद सुरक्षा एजेंसियों ने तत्काल निकासी की।  #Nepal #KPSharmaOli #BreakingNews #NepalPolitics"
के.पी शर्मा ओली,Ke Pi Sharma Oli,jhapa_5,Dr Suraj Yadav Mandal डॉ सूरज मंडल ڈاکٹر سورج منڈل,नेपाल में जन विद्रोह।  नेपाल में Gen Z के विरोध प्रदर्शन की आग ने पूरे देश को अपने चपेट में ले लिया है। कथित तौर पर सोशल मीडिया पर लगाए गए बैन के विरोध में शुरू हुआ यह विरोध प्रदर्शन बड़ी हिंसा में तब्दील हो गया और अब स्थिति यह है कि प्रधानमंत्री के पी शर्मा ओली को इस्तीफा देना
के.पी शर्मा ओली,Ke Pi Sharma Oli,jhapa_5,MR. हावा जी ,चुनाबी अभियानको क्रममा बिरामीको घरमा पुगेपछि रिपोर्ट हेर्दै डाक्टर के पी शर्मा ओली। उनका एक जेन्जी फ्याँन झ्याल बाट हात छिराएर फोटो निकाल्दै#KPSharmaOli #doctor
के.पी शर्मा ओली,Ke Pi Sharma Oli,jhapa_5,NDTV Marathi,"Nepal । नेपाळचे पंतप्रधान के. पी. शर्मा ओली यांचा राजीनामा, सतीश ढगे यांचं विश्लेषण  #Nepal #NepalProtests #NepalNews #KPOli #NDTVMarathi  @drsatishdhage"
के.पी शर्मा ओली,Ke Pi Sharma Oli,jhapa_5,Mahesh Mal,यिनको गणतन्त्रमा जनता माझ सवभन्दा सुरक्षित को? १ राजा  २ सुप्रिमो प्रचण्ड  ३ खड्क प्रसाद के पी शर्मा ओली
के.पी शर्मा ओली,Ke Pi Sharma Oli,jhapa_5,ANI_HindiNews,#WATCH | नेपाल: भक्तपुर स्थित पूर्व प्रधानमंत्री के.पी. शर्मा ओली के निजी आवास में आग लगने पर प्रदर्शनकारियों ने नाचते-गाते जश्न मनाया। कथित भ्रष्टाचार को लेकर सरकार के खिलाफ प्रदर्शनों के बीच नेपाल के प्रधानमंत्री ने आज दोपहर इस्तीफा दे दिया।  (वीडियो सोर्स: टीवी टुडे नेपाल)
के.पी शर्मा ओली,Ke Pi Sharma Oli,jhapa_5,suman(नरेश मीना का परिवार),नेपाली संसद को  प्रदर्शनकारियों ने आग के हवाले किया! नेपाल  के प्रधानमंत्री के.पी. शर्मा ओली ने दिया इस्तीफ़ा!     #NepalGenZProtest  #KPSharmaOli #NepalGenZProtest
के.पी शर्मा ओली,Ke Pi Sharma Oli,jhapa_5,Jantantra TV,#exclusive के.पी. शर्मा ओली के निजी आवास में आग लगने पर प्रदर्शनकारियों ने नाचते-गाते जश्न मनाया  #NepalGenZProtest #Kathmandu #Nepalprotest #jtv
के.पी शर्मा ओली,Ke Pi Sharma Oli,jhapa_5,Millat Times,भारत से सटे नेपाल के बारा जिले में बुधवार को तब तनाव बढ़ गया जब Gen-Z युवाओं और अपदस्थ प्रधानमंत्री के.पी. शर्मा ओली की पार्टी सीपीएन-यूएमएल के कार्यकर्ताओं के बीच झड़प हो गई। हालात को देखते हुए प्रशासन ने इलाके में कर्फ्यू लगा दिया। बारा जिला प्रशासन ने बताया कि सिमारा एयपोर्ट
के.पी शर्मा ओली,Ke Pi Sharma Oli,jhapa_5,Tarun Rathi,"कभी चीन के सहयोग और कम्युनिस्ट मानसिकता से नेपाल पर शासन करने वाले प्रधानमंत्री के.पी. शर्मा ओली को हेलीकाप्टर पर बैठकर भागना पड़ा।  वे चीन के सहयोग और भ्रष्टाचार से नेपाल पर बलपूर्वक शासन कर रहे थे, लेकिन अंततः समय का पहिया घुमा और युवाओं में हुंकार भरी कि, अब और नहीं!  #नेपाल"
के.पी शर्मा ओली,Ke Pi Sharma Oli,jhapa_5,Umashankar Singh उमाशंकर सिंह,नेपाल में सत्ता छीने जाने के बाद पहली बार सामने आए के पी शर्मा ओली
पुस्कर खतिवडा,Puskr Khtivda,jhapa_5,Aanand .,"चुरोटको प्याकेटमा गुट्खाको प्याकेटमा क्यान्सरको मुख कुहिएको फोटोको सट्टा ओली र देउवाको फोटो राखिदिए, आधा जनसङ्ख्या नसा मुक्त हुने थिए।  - धर्मगुरु पुस्कर खतिवडा ।"
प्रकाश नेपाल,Prakash Nepal,jhapa_5,ANI,Nepal on the Edge: PM Resigns After Gen Z Revolt | Quick Take with Smita Prakash  #Nepal #KPSharmaOli #Youth #GenZ #Protests #Kathmandu #NepalGenZProtest
प्रकाश नेपाल,Prakash Nepal,jhapa_5,Himalaya Times,पाँचथर दुर्घटनाका तस्वीरहरू   ताप्लेजुङबाट धरान तर्फ जाँदै गरेकाे बाेलेराे (तमाेर करिडाेर) कुम्मायक ३ मा अन्दाजी ५०० मिटर तल खसेकेा हाे ।  तस्वीर : प्रकाश नेपाल/ हिटा
प्रकाश नेपाल,Prakash Nepal,jhapa_5,Himalaya Times,"मन्त्री कुलमान घिसिङले इलाम माईखोलामा बाढीका कारण अबरुद्ध मेची राजमार्ग र प्रभावित बस्तिहरूको स्थलगत निरीक्षण गर्नुभएको छ ।  शनिबार इलाम आइपुग्नुभएका मन्त्री घिसिङले माईखोला टापु क्षेत्रमा पुगेर बाढीले पुर्‍याएको क्षतिको अवलोकन गर्नुभएको हो ।  तस्बिरहरू प्रकाश नेपाल,हिटा"
प्रकाश नेपाल,Prakash Nepal,jhapa_5,ImageKhabar,मूख्य सिजनमै इलामका पर्यटकीय स्थल सुनसान/भारतीय पर्यटकको आगमन पनि ज्यादै न्युन । Video Report: Prakash Nepal For More:  https:// imagekhabar.com #imagechannelhd #imagekhabar #imagechannel #ilam
प्रकाश नेपाल,Prakash Nepal,jhapa_5,मेरा संविधान,"स्मिता प्रकाश: नेपाल में सरकारें इतनी बार क्यों गिरती हैं?   क्या युवा नेपालियों को लगता है कि लोकतंत्र का प्रयोग कारगर नहीं रहा?  मनीषा कोइराला : नेपाल के संविधान में राजतंत्र को जगह मिलनी चाहिए थी।  ""नेपाल में 80-90% लोग हिंदू हैं और राजा के प्रति आज भी सम्मान है।""  ""इस भावना"
प्रकाश नेपाल,Prakash Nepal,jhapa_5,ImageKhabar,नौमति बाजा संरक्षणमा महिला सक्रिय Video Report: Prakash Nepal #imagechannelhd #imagekhabar #imagechannel
प्रकाश नेपाल,Prakash Nepal,jhapa_5,ImageKhabar,ईलाममा सवारी दूर्घना न्यूनीकरणका लागि ट्राफिक र यातायात व्यवस्था कार्यालयको संयुक्त चेकिङ प्रभावकारी बन्दै Video Report: Prakash Nepal For More:  https:// imagekhabar.com #imagechannelhd #imagekhabar #imagechannel
प्रकाश नेपाल,Prakash Nepal,jhapa_5,ImageKhabar,सहाराविहीन बालबालिकाको भरोसा Video Report: Prakash Nepal For More:  https:// imagekhabar.com #imagechannelhd #imagekhabar #imagechannel
प्रकाश नेपाल,Prakash Nepal,jhapa_5,HitaDaily Online,यात्रुलाई सहयोग गर्दै नगरप्रहरी गत असोज १८ गते आएको बाढी र पहिरोले अबरुद्ध बनेको इलाम माईखोला राजदुवाली खण्डको राजमार्ग अझै सुचारू हुन सकेको छैन । अबरुद्ध सडक हिडेर पारगर्नुपर्ने  बाध्यता छ यात्रुलाई । यात्रुलाई सहयोग गर्दै इलाम नगरपालिकाका नगरप्रहरी । प्रकाश नेपाल/हिटा ।
प्रकाश नेपाल,Prakash Nepal,jhapa_5,Prakash Nepal,Hi
प्रकाश नेपाल,Prakash Nepal,jhapa_5,Prakash Nepal,#WealthsimpleGold
प्रकाश नेपाल,Prakash Nepal,jhapa_5,Prakash Nepal,https:// google.com/sorry/index?co ntinue=https://www.google.co.id/search%3Fq%3Dkoko%2B5000%26hl%3Did%26gl%3Did&hl=id&q=EhAkAUkAkuH4eqv1xN7Ge5jVGLfc5sgGIjCE9h78eslIOYCWXCeVy-xmD6m_LkaGuOZDyDGHPen_15NZAzaiYkcEyax4bgJ89NUyAnJSWgFD …
प्रकाश नेपाल,Prakash Nepal,jhapa_5,Prakash Nepal,The X Rules
प्रकाश नेपाल,Prakash Nepal,jhapa_5,Prakash Nepal,"Try  http:// Kaze.ai and Get 3 Free Credits!         Sign up and try any tool you like (like watermark removal, restoration, or expansion). You’ll get 3 free credits to start!         https:// kaze.ai/invite?invite_ code=XGWJEDQVDE221AC6&utm_source=referal&utm_medium=referal&utm_campaign=referal&utm_content=XGWJEDQVDE221AC6 …       Let’s make photo editing easy and creative!"
प्रकाश नेपाल,Prakash Nepal,jhapa_5,Prakash Nepal,Video haluk raja
प्रकाश नेपाल,Prakash Nepal,jhapa_5,@prakash Nepal,मालापानी माथि चढेर वाईवाई माथि प्रहार
प्रकाश नेपाल,Prakash Nepal,jhapa_5,@prakash Nepal,शुभकामना दाई
प्रकाश नेपाल,Prakash Nepal,jhapa_5,@prakash Nepal,"एउटा भदौ २३ को बारेमा मात्रै उछाल्छ २४ को बारेमा बोल्दैन ,अर्को भदौ २४ को विध्वंस  मात्रै देख्छ,२३ र त्यस अगाडिदेखिका आफ्ना कमजोरीहरू देख्दैन। हामीले खोजेको भदौ २३/२४ दुवै दिनका घटनाका दोषीउपर चुनाव पछि बन्ने सरकारले कानुन अनुसारको कारबाही अगाडि बढाउनु पर्छ।"
प्रकाश नेपाल,Prakash Nepal,jhapa_5,ImageKhabar,थुम्केरानीमा झुम्मिदै पर्यटक Video Report: Prakash Nepal For More:  https:// imagekhabar.com #imagechannelhd #imagekhabar #imagechannel #illam
प्रकाश नेपाल,Prakash Nepal,jhapa_5,@prakash Nepal,कोसेली
प्रकाश नेपाल,Prakash Nepal,jhapa_5,@prakash Nepal,
प्रकाश नेपाल,Prakash Nepal,jhapa_5,@prakash Nepal,फा फु सांसद भन्दै स्टाटसबाटै विचार नआउला भन्न सकिन्न
प्रकाश नेपाल,Prakash Nepal,jhapa_5,@prakash Nepal,गाह्रो छ हो दाई
प्रकाश नेपाल,Prakash Nepal,jhapa_5,@prakash Nepal,सरलाई पनि चुनावी हावाले छोएको छ बेस्सरी नै
प्रकाश नेपाल,Prakash Nepal,jhapa_5,@prakash Nepal,शुभप्रभात शुभदिनको शुभकामना  #रंगहरूकोपर्वफाल्गुपुर्णिमाकोशुभकामना
मंधरा चिमरिया,Mndhra Chimriya,jhapa_5,Gokul Mis-ra ,देउवा त के मेरो बाउले भ्रष्टाचार गरे पनि जेल हाल्नुपर्छ´- मन्धरा चिमरिया पौडेल
मंधरा चिमरिया,Mndhra Chimriya,jhapa_5,सचेत नागरिक ,झापा ५ मा तिन वटा साँढे जुद्धै गर्दा बिजय हासिल गर्ने महिला मन्धरा चिमरिया  भोट रुखमा
मंधरा चिमरिया,Mndhra Chimriya,jhapa_5,Tika Ram Yatri,`देउवा त के मेरो बाउले भ्रष्टाचार गरे पनि जेल हाल्नुपर्छ´- मन्धरा चिमरिया पौडेल
मंधरा चिमरिया,Mndhra Chimriya,jhapa_5,Nepali Congress,"सही व्यक्ति, सही ठाउँ। मन्धरा चिमरिया, झापा क्षेत्र नं - ५  #NepaliCongress #Congress2.0 #SahiWyaktiSahiThau #Vis10n #Jhapa5"
मंधरा चिमरिया,Mndhra Chimriya,jhapa_5,Nirmal Prasai,"ओली र बालेनको हार शतप्रतिशत निश्चित छ, मन्धरा चिमरिया को जित हजार प्रतिशत सुनिस्चित छ। यसपटक सरप्राइज हुनेवाला छ।"
मंधरा चिमरिया,Mndhra Chimriya,jhapa_5,Nepali Congress,"झापा ५ का लागि, सही व्यक्ति मन्धरा चिमरिया"
मंधरा चिमरिया,Mndhra Chimriya,jhapa_5,सचेत नागरिक ,"झापा ५ मा"" मन्धरा चिमरिया"" को जित सुनिश्चित छ। ओली को साख गिरेको गिरेइ छ, काठमाडौं को भगौडा मेयर काम गर्न नसकेर र्याप हान्ने दाउमा छ, उता पुर्व म्याउबादि का उम्मेदवार का राइट हेन्डले स्थानीय आमैले गाला चड्काइन सामाजिक सञ्जालमा भाइरल छ भोट रुखमा"
मंधरा चिमरिया,Mndhra Chimriya,jhapa_5,Tika Ram Yatri,https:// youtu.be/yQ3Hv1UmBgM?si =p0cRw2WYXw4YbHpY …झापा ५ का सचेत मतदाताले बालेन र ओलीको अतिवाद निषेध गर्नेछन्- मन्धरा चिमरिया पौडेल
मंधरा चिमरिया,Mndhra Chimriya,jhapa_5,Onlinekhabar,वार्ता- मन्धरा चिमरिया :  ओली र बालेनसँग लाइभ डिबेट पर्खिरहेकी यी कांग्रेस उम्मेदवार  #onlinekhabar #jhapa5
मंधरा चिमरिया,Mndhra Chimriya,jhapa_5,Nirmal Prasai,"झापा - ५ मा कांग्रेसकी मन्धरा चिमरिया को जित निश्चित छ, ४५ प्रतिशत मतदाताको च्वाइसमा मन्धरा हुनुहुन्छ, ओली २४ प्रतिशत र बाँकीमा अन्य।"
मंधरा चिमरिया,Mndhra Chimriya,jhapa_5,Onlinekhabar,भावी प्रधानमन्त्री घोषणा गरिएका एमालेका केपी शर्मा ओली र रास्वपाका बालेन शाहलाई चुनौती दिँदै चुनावी मैदानमा होमिएकी छिन् कांग्रेसकी मन्धरा चिमरिया ।  #onlinekhabar #NepalElection
मंधरा चिमरिया,Mndhra Chimriya,jhapa_5,Ananda Nepali,कांग्रेसका १६५ उम्मेदवार   कोशी प्रदेश ताप्लेजुङ – गजेन्द्रप्रसाद तुम्याङ लिम्बू पाँचथर – नरेन्द्रकुमार केरूङ इलाम– १ निस्कल राई इलाम– २ भेषराज आचार्य झापा– १ केशवराज पाण्डे झापा– २ सरिता प्रसाईं झापा– ३ राजेन्द्र घिमिरे झापा– ४ देउमान थेबे झापा– ५ मन्धरा चिमरिया मोरङ– १
मंधरा चिमरिया,Mndhra Chimriya,jhapa_5,Nirmal Prasai,"झापा - ५  मन्धरा चिमरिया - ३ हजार मतान्तरले विजयी केपी शर्मा ओली - दोस्रो बालेन साह - तेस्रो  गुगलका नेतालाई फेसबुकमा लाइक, भुगोलका नेतालाई ब्यालेटमा लाइक, नारा गाउँगाउँमा पुगिसक्यो।"
मंधरा चिमरिया,Mndhra Chimriya,jhapa_5,Nepalkhabar,मिडियामा ओली-बालेनको चर्चा भए पनि मतदाता मेरो साथमा छन्: मन्धरा चिमरिया
मंधरा चिमरिया,Mndhra Chimriya,jhapa_5,रोसुपाकु,मंधरा चिमरिया आउनु हुन्छ अगाडी
मंधरा चिमरिया,Mndhra Chimriya,jhapa_5,Roshan साँवा,"झापा-५ ओलीको चौथो प्रतिस्पर्धा ०६४ मा कांग्रेसले 'म' बाट नाम हुने महिला (महिन्द्राकुमारी लिम्बू) लाई उठायो, विश्वदीप (सुरु अक्षरको उच्चारण 'ब' गरिने) ले चुनाव जिते। त्यसपछिको चौथो पालि ०८२ मा कांग्रेसले 'म' बाटै नाम हुने महिला (मन्धरा चिमरिया) लाई उठाएको छ। नतिजा के हुने हो!"
मातृका भट्टराई,MatृKa Bhattarai,jhapa_5,Saral Suman,"मातृका भट्टराई दाजुको  स्वर्गारोहणकोे खबर सुने, पीडा भयो। भावपूर्ण श्रद्धाञ्जली दाजु! सँगै बिताएका धेरै क्षण सदा स्मरणमा रहनेछन् । थोरै मद्धे एक मेरो शुभचिन्तक तपाईं, भेट्न पाइन...सधैं सम्झनेछु। अल बिदा दाजु!!"
रञ्जना गौतम,Rnyjna Gautam,jhapa_5,SA News Nepal,"चुनावी मैदानमा छन्, १०६ स्वतन्त्र महिला | SA News Nepal  निर्वाचन नजिकिँदै जाँदा देशभर स्वतन्त्र महिला उम्मेदवारको संख्या बढेको छ। झापा–५ मा स्वतन्त्र उम्मेदवार रञ्जना गौतम ‘ग्यास चुलो’ चुनाव चिह्नसहित आफ्नै खर्चमा प्रचार गर्दै चुनावी मैदानमा छिन्। महिलाको राजनीतिक  #Election"
रन्जित तामाङ,Rnjit Tamang,jhapa_5,Sewantika,"रन्जित तामाङ अरु भन्दा किन भिन्न? किनकी उहाँको जति घरदैलो(मतदाता भेटघाट) झापा-५ का अरु उम्मेदवारले गरेका छैनन, अरु उम्मेदवारले भए ठाउँका ठाउँ क्यारम खेलेर हिड्थे, उहाँ क्यारम खेल्दै गरेका युवा भेटेर पनि नखेली हिड्नु भयो  अग्रिम शुभकामना छ  @cmranjittamang"
रन्जित तामाङ,Rnjit Tamang,jhapa_5,म नेपाली,रन्जित तामाङ ले पेलिराछ अनि बालेन संग डिबेट गर्ने रे
रन्जित तामाङ,Rnjit Tamang,jhapa_5,म नेपाली,"ओलिले झुटले वाक्क परेको जनता ले पहिला बाटो बनाइदेउ अनि मात्रै भोट दिन्छु रन्जित तामाङ लाइ पो   अब ५ हप्तामा कसरि बाटो बनाइदिने होला त,"
रन्जित तामाङ,Rnjit Tamang,jhapa_5,म नेपाली,खड्ग ओलिको औकात अनुसारको प्रतिस्पर्धी पाएछ रन्जित तामाङ   ५ हजार जनमत नभएको संग चौरिमा उभिएर डिबेड गर्न पर्ने औकात मा ल्याइदियो ओलिलाइ बालेनले
रन्जित तामाङ,Rnjit Tamang,jhapa_5,Gyanendra Khadka,"झापा-५ मा नेकपा एमालेका उम्मेदवार केपी  शर्मा ओली, नेकपा उम्मेदवार रन्जित तामाङ र नेपाली कांग्रेसका उम्मेदवार मन्धरा चिमोरिया सार्वजनिक बहसमा सहभागी हुँदा रास्वपा उम्मेदवार बालेन्द्र सरकार सहभागी भइबक्सनु भएनछ ।"
रन्जित तामाङ,Rnjit Tamang,jhapa_5,कौटिल्या:)),"झापा ५ का मतदाता र युवा नेताहरूले ओली र बालेन दुवैलाई मत नदिने र रन्जित तामाङलाई जिताउने धारणा राखेका छन्।  नेपाली कम्युनिस्ट पार्टीको लागि ""झापा–५ लाई सुवर्ण अवसर छ, दुवै भिजन बिहिनलाई हराएर रन्जितलाई जिताउने"" वा ""रन्जित तामाङ जित्ने योग्य पात्र हुन्"" भन्ने।"
रन्जित तामाङ,Rnjit Tamang,jhapa_5,कौटिल्या:)),झापा ५ मा बालेन रोक्न केपी को ताकत केपि रोक्न बालेनको ताकत  रोकिने केपी बालेन दुबै जित ताराको सुनिश्चित। युवा भद्र सालिन क्रान्तिकारी नेता रन्जित तामाङ झापा ५ मा इतिहास रच्दै।
रन्जित तामाङ,Rnjit Tamang,jhapa_5,Hemanta Gautam,"ओरालो लागेपछि मान्छेको हालत कस्तो हुँदो रहेछ भन्ने उदाहरण हो ओलि । बारिको पाटोमा प्लास्टिकको कुर्सिमा बसेर रन्जित तामाङ सङ्ग बहस गर्ने दिन पनि आयो है!  त्यसैले भनिन्छ, समय बलवान छ ।"
रन्जित तामाङ,Rnjit Tamang,jhapa_5,कौटिल्या:)),"ओली, बालेन र हर्कका अतिवादी धारलाई चुनौती दिँदै झापा–५ मा प्रखर वक्ता युवा नेता रन्जित तामाङ विजयी हुने संकेत देखिदै छ।  #VoteforTara"
रन्जित तामाङ,Rnjit Tamang,jhapa_5,yubaraj Ghimire (युबराज घिमिरे ),विद्यार्थीसंगै समाजको बोझ बोक्न सिपालु  बौद्धिकता झन तीब्र गतिमा वृद्धिभयो  क्षमता अरु भन्दा बेग्लै र अब्बल देखियो  व्यावहारिकता सरल र मिलनसार भेटियो  अनुभवअरुभन्दा पृथक र झन परिपक्व देखियो। त्यहीभएर झापा ५ मा तारा झलमल उदायो  क.रन्जित तामाङ एक जुझारु र युवा उमेदवार भेटियो ....
रन्जित तामाङ,Rnjit Tamang,jhapa_5,Himal Press,म केपी ओलीसँग चुनाव लड्न तयार छु : रन्जित तामाङ [अन्तरवार्ता]  #himalpress
रन्जित तामाङ,Rnjit Tamang,jhapa_5,Thaha Khabar,"मेरा प्रतिस्पर्धी बालेन हुन्, ओलीको माहोल छैन : रन्जित तामाङ [अन्तर्वार्ता]"
रन्जित तामाङ,Rnjit Tamang,jhapa_5,स्वारी ;)),"झापा-५ मा रन्जित तामाङ र ओलीबीच बडो इन्ट्रेस्टिङ कन्भरसेसन भएछ   तामाङः तपाईंको भत्ता खाएर बस्ने बेला भो ! अब युवाको पालो, त्यसैले म आएको छु !  ओलीः पञ्जा लड्ने हो ?  आइ लाइ ओलि’ज् ह्यूमर, नो म्याटर ह्वाट !!  भाइरल हुनुपर्ने कन्भर्सेसन यो थियो, बनाए ट्यापेन्द्र ब्रो को तोरी"
रन्जित तामाङ,Rnjit Tamang,jhapa_5,Ananda Nepali,झापा क्षेत्र नं 5 मा को विजयी बन्ला ?? 1. बालेन साह  @Balenshah   2 रन्जित तामाङ  @ranjittamang   3 केपि ओलि  @kpsharmaoli
रन्जित तामाङ,Rnjit Tamang,jhapa_5,Himal Press,म केपी ओलीसँग चुनाव लड्न तयार छु : रन्जित तामाङ [अन्तरवार्ता]  https:// himalpress.com/2025/10/256265/ #himalpress
रन्जित तामाङ,Rnjit Tamang,jhapa_5,Himal Press,https:// himalpress.com/2025/10/256265/ म केपी ओलीसँग चुनाव लड्न तयार छु : रन्जित तामाङ [अन्तरवार्ता] #himalpress
रन्जित तामाङ,Rnjit Tamang,jhapa_5,कौटिल्या:)),तामाङको छोरा देशकै पहिलो पहिलो प्रधानमन्त्री बन्दै झापा -५ मा रन्जित तामाङ चुनाव लड्दैछन। हाइप्रोफाइल भिडन्त भनिएको ठाउँमा तीन प्रधानमन्त्री उम्मेदवारको भिडन्त हुदैछ। मेरो भोट रन्जित तामाङलाई तारामा।
रन्जित तामाङ,Rnjit Tamang,jhapa_5,yubaraj Ghimire (युबराज घिमिरे ),"मतदाता स्वतन्त्रता हुन्छन्।असलआचरण रोज्ने कि खराब?उहाँहरुकोआफ्नैअधिकारको कुरा हो तर विचार गर्ने कुरा चै तपाई हामीले जस्तो रोज्यो समाज र देश त्यस्तै हुन्छ है ।त्यसले झापा ५कोअसल उमेदवार तपाई हाम्रै छोरा,साथी दुख सुखको बन्नेछन सारथि सबैले विश्व र भरोसा गरौं  क. रन्जित तामाङ माथी"
रन्जित तामाङ,Rnjit Tamang,jhapa_5,कौटिल्या:)),"भोट हालौ है,  ए है हजुर  चम्किलो तारालाई  भलो हुन्छ  नेपाली सारालाई!  नेकपाको ए है हजुरु  चम्किलो ताराले  रन्जित तामाङ  जिताउ है साराले!!"
रन्जित तामाङ,Rnjit Tamang,jhapa_5,Himal Press,म केपी ओलीसँग चुनाव लड्न तयार छु : रन्जित तामाङ [अन्तरवार्ता] #himalpress
रन्जित तामाङ,Rnjit Tamang,jhapa_5,Rupesh Shrestha,झापा ५ जहाँ ओली र बालेन्द्र दुबैलाई हराउने दाबी गर्दैछन् नेकपाका रन्जित तामाङ
रन्जित तामाङ,Rnjit Tamang,jhapa_5,SamacharDainik,मेरो उम्मेदवारी गणतन्त्रको उज्यालो जनताको घरदैलोसम्म पुर्‍याउनका लागि हो: रन्जित तामाङ
रन्जित तामाङ,Rnjit Tamang,jhapa_5,कौटिल्या:)),गगन थापाले चुनाव जित्न कानमा बम पड्काए जस्तै बालेनको घरको गेटको ग्रिल फुट्यो रे। तर चुनाव जित्न चाहिँ गार्‍हो छ है रन्जित तामाङ सँग!!
रन्जित तामाङ,Rnjit Tamang,jhapa_5,निलो आकाश,अरु कुरा त्यस्तै हो झापा ५ मा रन्जित तामाङ बरु जितका १००% हकदार हुन लुसिफर होइन! यदि झापाली ले लुसिफर लाई भोट दिएर गल्ती गरेभने भोलिका दिनमा झापाको कुनैपनी नेता बाट अपेक्षा नराखेकै जाती !!
रन्जित तामाङ,Rnjit Tamang,jhapa_5,रुटिन अफ बोलचाल बन्द,"झापा ५ बाट रन्जित तामाङ ले जित्नुपर्छ ,रुकुम पुर्वबाट सन्दिप पुनले जित्नुपर्छ ।ती क्षेत्र मा उठेका दुबै राजनीतिक  गुणले भरियका युवा हुन ।शुभकामना भन्दिम सबैले ।तिन्टा बा लाई थन्काउने गगन थापाको चाहना पनि हो केरे"
लक्ष्मी प्रसाद संग्रौला,Lkshmi Prasad Sngraula,jhapa_5,Khusbu Oli,"राष्ट्रिय प्रजातन्त्र पार्टी (राप्रपा)  झापाबाट प्रत्यक्षतर्फका उम्मेदवार डा. हेमराज कार्की (क्षेत्र नं. १), स्वागत नेपाल (क्षेत्र नं. २), राजेन्द्र लिङ्देन (क्षेत्र नं. ३), भक्ति प्रसाद सिटौला (क्षेत्र नं. ४) र लक्ष्मी प्रसाद संग्रौला (क्षेत्र नं. ५) तथा समानुपातिकतर्फका"
वालेन्द्र शाह,Balen Shah,jhapa_5,Balen Shah,"एउटा देश , एउटा नेपाल ।  आज गोर्खा दरबार ।"
वालेन्द्र शाह,Balen Shah,jhapa_5,StratNewsGlobal,The Gist || Nepal’s GenZ Revolution: A Battle for Transformation at the Ballot Box | Balen Shah vs KP Sharma Oli   @ketkiangre  speaks with Surya Gangadharan   @SuryaGangadha13   @nitingokhale  #Nepal #GenZ
वालेन्द्र शाह,Balen Shah,jhapa_5,Shilapatra,बाजागाजाले गरियो स्वागत | Balen Shah | Darchula |
वालेन्द्र शाह,Balen Shah,jhapa_5,𝑺𝒂𝒏 𝒋𝒊𝒑,"रास्वपा सरकारमा गयो भने काँग्रेस हिँड्ने बाटो पनि बन्छ, एमाले हिड्ने बाटो पनि बन्छ । Balen Shah"
वालेन्द्र शाह,Balen Shah,jhapa_5,The Kathmandu Post,Balen Shah Visits Chatara’s Saptakoshi River During Election Campaign
वालेन्द्र शाह,Balen Shah,jhapa_5,𝑺𝒂𝒏 𝒋𝒊𝒑,वालेन्द्र शाह – झापा ५ सुशासनका प्रतीक र युवा रोल मोडल नीतिगत सुधारदेखि भ्रष्टाचारविरुद्ध अभियानसम्म दृढ अडान।  #VoteForChange #voteforghanti #RSPNepal
वालेन्द्र शाह,Balen Shah,jhapa_5,Routine of Nepal banda,Balen Shah reaches Pathibhara Temple at Taplejung this morning.
वालेन्द्र शाह,Balen Shah,jhapa_5,Truth And Sarcasm,Full Support to Balen Shah   Full support for a Madhesi PM in Nepal   #nepal #mithila #madhesh #maithili #bihar
वालेन्द्र शाह,Balen Shah,jhapa_5,Routine of Nepal banda,"Balen Shah's effect: सुदुरपश्चिम यात्राको समयमा बालेन शाहले सामाजिक सञ्जालमा लेखेको क्याप्सन ""सुदुर अब दुर नाई, झिक्कै झिक्कै माया तम्लाई"" बाट अहिले धेरैले सुदुरपश्चिम सम्बन्धी गीतहरु बनाउन थालेका छन् । AI बाट बनेको उक्त बोलको गीत प्रयोग गर्दै सामाजिक सञ्जालहरुमा थुप्रैले"
वालेन्द्र शाह,Balen Shah,jhapa_5,Routine of Nepal banda,"Balen Shah wishes Sahid Diwas & writes, ""८५ वर्षमा पटक-पटक व्यवस्था फेरियो, सत्ताको चरित्र फेरिएन । पटक-पटक नेपाली जनता शहीद भए तर शहीदका सपना पुरा हुन सकेनन् । ८५ वर्ष पहिलेजस्तै, यसपालि पनि भदौको जेनजी आन्दो""लनमा सुशासन र भ्रष्टा""चार अन्त्यको माग राखेर शान्तिपूर्ण आन्दोलनमा"
वालेन्द्र शाह,Balen Shah,jhapa_5,Routine of Nepal banda,Balen Shah also visits Mukkumlung of Taplejung area today. Mukkumlung is a sacred site in the hills of Taplejung which holds a special place for the community of Yakthung (Limbu).
वालेन्द्र शाह,Balen Shah,jhapa_5,रसवरी,Vote For Balen Shah
वालेन्द्र शाह,Balen Shah,jhapa_5,Sulav Karki ,"Crowd sizes may not translate into votes at the end, but you have to wonder how badly the mainstream parties messed up in the past that so many Nepalis are finding hope in Balen Shah who came into politics just 3 years ago. Is there any introspection by anybody??"
वालेन्द्र शाह,Balen Shah,jhapa_5,Shilapatra,झापामा बालेनको क्रेज | BALEN SHAH | DAMAK JHAPA |
वालेन्द्र शाह,Balen Shah,jhapa_5,Routine of Nepal banda,Uncontrollable crowd at Jhapa-5 to welcome Balen Shah.   Video. @Chriss_the_og
वालेन्द्र शाह,Balen Shah,jhapa_5,Routine of Nepal banda,"Balen Shah says, “म यो भन्न चाहन्छु कि प्रदेशलाई अझै बलियो बनाउनु पर्छ। प्रदेशको काम एउटा वडामा गएर ५० हजारको धारा जोड्ने होइन। प्रदेशको काम भनेको कम्तीमा ३-४ वटा पालिकालाई जोडेर ठूला काम गर्नु हो। जनकपुरको प्रमुख प्रशासकीय अधिकृत फेर्न किन काठमाडौं जानु पर्छ? जनकपुर त प्रदेशको"
वालेन्द्र शाह,Balen Shah,jhapa_5,StratNewsGlobal,Nepal Elections | Why rapper-turned-politician Balen Shah has a huge following among Nepali youth  Watch  @ketkiangre  speak with  @SuryaGangadha13  on The Gist  Tune in on 4 March at 7 PM IST   @nitingokhale  #Nepal
वालेन्द्र शाह,Balen Shah,jhapa_5,Jay Ghanti - जय घण्टी,वालेन्द्र शाह – झापा ५  सुशासनका प्रतीक र युवा रोल मोडल नीतिगत सुधारदेखि भ्रष्टाचारविरुद्ध अभियानसम्म दृढ अडान। #VoteForChange #voteforghanti #RSPNepal
वालेन्द्र शाह,Balen Shah,jhapa_5,Krishna Sharma,"Indian and international media are widely covering the new political alliance in Nepal: Kathmandu Mayor Balendra “Balen” Shah has joined the Rastriya Swatantra Party (RSP), signing a seven-point agreement with chairperson Rabi Lamichhane on Dec 28, 2025. Balen is named the"
वालेन्द्र शाह,Balen Shah,jhapa_5,Marxvadi ⚣,KP Oli and Balen Shah may dislike each other for both political and personal reasons. But they are both in bed with the Army who is the puppet master behind the current state of Nepali politics.
वालेन्द्र शाह,Balen Shah,jhapa_5,सुमन !!,"""जुन दिन सुदुर पश्चिमको गितहरु काठमाडौँको चोकचोकमा बज्छ, अनि बल्ल जोडिन्छ सुदुर पश्चिम काठमाडौँ सङ्ग।"" -- Balen Shah,  फाल्गुन ६, २०८२ This was the highlight of Balen’s Dhangadhi speech for me. निकै गहिरो कुरा हो यो! खोलाको छेउमा गिट्टि चोर्दै पार्टि चलाउनेहरुको दिमाग माथिबाट गयो"
वालेन्द्र शाह,Balen Shah,jhapa_5,No Next Question,"Harka Sampang has challenged Balen Shah, KP Oli, Rabi Lamichhane, and Kulman Ghising to an open public debate.   According to Sampang, he wants all Nepalese to know the ideas and vision of the leaders they vote for.  #harkasampang #balenshah #NNQBusiness"
वालेन्द्र शाह,Balen Shah,jhapa_5,Deshsanchar,मोटरसाइकल चढेर दार्चुलातिर बालेन | Balen Shah | Deshsanchar
वालेन्द्र शाह,Balen Shah,jhapa_5,Dibed(डाईबेड),Why Balen Shah?  #VoteForghanti
वालेन्द्र शाह,Balen Shah,jhapa_5,N360 ,Who is this shit to downgrade someone based on GPA and university attended? Flaws in his attack on Balen Shah:  1. He insulted those who could not attend Oxford. 2. He insulted those who did not get 4 GPA. 3. He insulted those who studied in India.  He is a f-ing shithead.
संजय राई,Snjy Rai,jhapa_5,Khagendra Sangroula,Check out संजय राई साम्पाङ's video! #TikTok  https:// vt.tiktok.com/ZSy4ncnjx/
