CandidateName,EnglishCandidateName,DistrictName,EnglishDistrictName,ConstName,PowerSearchQuery
अस्‍मिन घिमिरे,Ashmin Ghimire,चितवन,chitwan,2,"("""" अस्‍मिन घिमिरे """" OR """" Ashmin Ghimire """") ("""" चितवन """" OR """" chitwan 2 """") since:2025-09-05"
इन्द्र बहादुर स्याङतान,Indra Bahadur Syangtan,चितवन,chitwan,2,"("""" इन्द्र बहादुर स्याङतान """" OR """" Indra Bahadur Syangtan """") ("""" चितवन """" OR """" chitwan 2 """") since:2025-09-05"
ऋषा गोले,Risha Gole,चितवन,chitwan,2,"("""" ऋषा गोले """" OR """" Risha Gole """") ("""" चितवन """" OR """" chitwan 2 """") since:2025-09-05"
कमान सिंह चौधरी,Kaman Singh Chaudhary,चितवन,chitwan,2,"("""" कमान सिंह चौधरी """" OR """" Kaman Singh Chaudhary """") ("""" चितवन """" OR """" chitwan 2 """") since:2025-09-05"
कृष्ण प्रसाद चापागाई,Krishna Prasad Chapagai,चितवन,chitwan,2,"("""" कृष्ण प्रसाद चापागाई """" OR """" Krishna Prasad Chapagai """") ("""" चितवन """" OR """" chitwan 2 """") since:2025-09-05"
जगदिश्वर अधिकारी,Jagadishwar Adhikari,चितवन,chitwan,2,"("""" जगदिश्वर अधिकारी """" OR """" Jagadishwar Adhikari """") ("""" चितवन """" OR """" chitwan 2 """") since:2025-09-05"
दिर्शना कुमारी शाही,Dirshana Kumari Shahi,चितवन,chitwan,2,"("""" दिर्शना कुमारी शाही """" OR """" Dirshana Kumari Shahi """") ("""" चितवन """" OR """" chitwan 2 """") since:2025-09-05"
देवी कुमारी मगर,Devi Kumari Magar,चितवन,chitwan,2,"("""" देवी कुमारी मगर """" OR """" Devi Kumari Magar """") ("""" चितवन """" OR """" chitwan 2 """") since:2025-09-05"
देवी शर्मा,Devi Sharma,चितवन,chitwan,2,"("""" देवी शर्मा """" OR """" Devi Sharma """") ("""" चितवन """" OR """" chitwan 2 """") since:2025-09-05"
नि.कुमार पाख्रीन,Ni. Kumar Pakhrin,चितवन,chitwan,2,"("""" नि.कुमार पाख्रीन """" OR """" Ni. Kumar Pakhrin """") ("""" चितवन """" OR """" chitwan 2 """") since:2025-09-05"
निर्मला कुमारी ठाकुर,Nirmala Kumari Thakur,चितवन,chitwan,2,"("""" निर्मला कुमारी ठाकुर """" OR """" Nirmala Kumari Thakur """") ("""" चितवन """" OR """" chitwan 2 """") since:2025-09-05"
प्रकाश बहादुर पाण्‍डे,Prakash Bahadur Pandey,चितवन,chitwan,2,"("""" प्रकाश बहादुर पाण्‍डे """" OR """" Prakash Bahadur Pandey """") ("""" चितवन """" OR """" chitwan 2 """") since:2025-09-05"
प्रताप गुरुङ्ग,Pratap Gurung,चितवन,chitwan,2,"("""" प्रताप गुरुङ्ग """" OR """" Pratap Gurung """") ("""" चितवन """" OR """" chitwan 2 """") since:2025-09-05"
प्रताप सिंह तमाङ्ग,Pratap Singh Tamang,चितवन,chitwan,2,"("""" प्रताप सिंह तमाङ्ग """" OR """" Pratap Singh Tamang """") ("""" चितवन """" OR """" chitwan 2 """") since:2025-09-05"
प्रविन सापकोटा,Pravin Sapkota,चितवन,chitwan,2,"("""" प्रविन सापकोटा """" OR """" Pravin Sapkota """") ("""" चितवन """" OR """" chitwan 2 """") since:2025-09-05"
मिना कुमारी खरेल,Mina Kumari Kharel,चितवन,chitwan,2,"("""" मिना कुमारी खरेल """" OR """" Mina Kumari Kharel """") ("""" चितवन """" OR """" chitwan 2 """") since:2025-09-05"
मिलन थापा मगर,Milan Thapa Magar,चितवन,chitwan,2,"("""" मिलन थापा मगर """" OR """" Milan Thapa Magar """") ("""" चितवन """" OR """" chitwan 2 """") since:2025-09-05"
रवि कुमाल,Rabi Kumal,चितवन,chitwan,2,"("""" रवि कुमाल """" OR """" Rabi Kumal """") ("""" चितवन """" OR """" chitwan 2 """") since:2025-09-05"
रवि लामिछाने,Rabi Lamichhane,चितवन,chitwan,2,"("""" रवि लामिछाने """" OR """" Rabi Lamichhane """") ("""" चितवन """" OR """" chitwan 2 """") since:2025-09-05"
शंकु प्रसाद जैसी,Shanku Prasad Jaisi,चितवन,chitwan,2,"("""" शंकु प्रसाद जैसी """" OR """" Shanku Prasad Jaisi """") ("""" चितवन """" OR """" chitwan 2 """") since:2025-09-05"
शक्ति राज गुरुङ,Shakti Raj Gurung,चितवन,chitwan,2,"("""" शक्ति राज गुरुङ """" OR """" Shakti Raj Gurung """") ("""" चितवन """" OR """" chitwan 2 """") since:2025-09-05"
शोभा बासुकला,Shobha Basukala,चितवन,chitwan,2,"("""" शोभा बासुकला """" OR """" Shobha Basukala """") ("""" चितवन """" OR """" chitwan 2 """") since:2025-09-05"
सुवास महतो,Subas Mahato,चितवन,chitwan,2,"("""" सुवास महतो """" OR """" Subas Mahato """") ("""" चितवन """" OR """" chitwan 2 """") since:2025-09-05"
खडक बहादुर ठकुराठी,Khadak Bahadur Thakurathi,डडेलधुरा,dadeldhura,1,"("""" खडक बहादुर ठकुराठी """" OR """" Khadak Bahadur Thakurathi """") ("""" डडेलधुरा """" OR """" dadeldhura 1 """") since:2025-09-05"
गोरख बहादुर ऐर,Gorkha Bahadur Air,डडेलधुरा,dadeldhura,1,"("""" गोरख बहादुर ऐर """" OR """" Gorkha Bahadur Air """") ("""" डडेलधुरा """" OR """" dadeldhura 1 """") since:2025-09-05"
गोविन्द खडायत,Govind Khadayat,डडेलधुरा,dadeldhura,1,"("""" गोविन्द खडायत """" OR """" Govind Khadayat """") ("""" डडेलधुरा """" OR """" dadeldhura 1 """") since:2025-09-05"
चक्र प्रसाद स्नेही,Chakra Prasad Snehi,डडेलधुरा,dadeldhura,1,"("""" चक्र प्रसाद स्नेही """" OR """" Chakra Prasad Snehi """") ("""" डडेलधुरा """" OR """" dadeldhura 1 """") since:2025-09-05"
चन्द्र देव वि‍.क.,Chandra Dev B.K.,डडेलधुरा,dadeldhura,1,"("""" चन्द्र देव वि‍.क. """" OR """" Chandra Dev B.K. """") ("""" डडेलधुरा """" OR """" dadeldhura 1 """") since:2025-09-05"
तारा प्रसाद जोशी,Tara Prasad Joshi,डडेलधुरा,dadeldhura,1,"("""" तारा प्रसाद जोशी """" OR """" Tara Prasad Joshi """") ("""" डडेलधुरा """" OR """" dadeldhura 1 """") since:2025-09-05"
तिर्थ राज उप्रेती,Tirth Raj Upreti,डडेलधुरा,dadeldhura,1,"("""" तिर्थ राज उप्रेती """" OR """" Tirth Raj Upreti """") ("""" डडेलधुरा """" OR """" dadeldhura 1 """") since:2025-09-05"
नैन सिंह महर,Nain Singh Mahar,डडेलधुरा,dadeldhura,1,"("""" नैन सिंह महर """" OR """" Nain Singh Mahar """") ("""" डडेलधुरा """" OR """" dadeldhura 1 """") since:2025-09-05"
महेन्द्र पुन मगर,Mahendra Pun Magar,डडेलधुरा,dadeldhura,1,"("""" महेन्द्र पुन मगर """" OR """" Mahendra Pun Magar """") ("""" डडेलधुरा """" OR """" dadeldhura 1 """") since:2025-09-05"
मान सिह माल,Man Singh Malla,डडेलधुरा,dadeldhura,1,"("""" मान सिह माल """" OR """" Man Singh Malla """") ("""" डडेलधुरा """" OR """" dadeldhura 1 """") since:2025-09-05"
लक्ष्मी दत्त भट्ट,Lakshmi Datta Bhatt,डडेलधुरा,dadeldhura,1,"("""" लक्ष्मी दत्त भट्ट """" OR """" Lakshmi Datta Bhatt """") ("""" डडेलधुरा """" OR """" dadeldhura 1 """") since:2025-09-05"
सुरेन्द्र रावल,Surendra Rawal,डडेलधुरा,dadeldhura,1,"("""" सुरेन्द्र रावल """" OR """" Surendra Rawal """") ("""" डडेलधुरा """" OR """" dadeldhura 1 """") since:2025-09-05"
सुरेन्‍द्र राज भट्ट,Surendra Raj Bhatt,डडेलधुरा,dadeldhura,1,"("""" सुरेन्‍द्र राज भट्ट """" OR """" Surendra Raj Bhatt """") ("""" डडेलधुरा """" OR """" dadeldhura 1 """") since:2025-09-05"
अजय कुमार यादव,Ajay Kumar Yadav,धनुषा,dhanusha,3,"("""" अजय कुमार यादव """" OR """" Ajay Kumar Yadav """") ("""" धनुषा """" OR """" dhanusha 3 """") since:2025-09-05"
अमरेन्द्र कुमार झा,Amarendra Kumar Jha,धनुषा,dhanusha,3,"("""" अमरेन्द्र कुमार झा """" OR """" Amarendra Kumar Jha """") ("""" धनुषा """" OR """" dhanusha 3 """") since:2025-09-05"
अमित कुमार पाठक,Amit Kumar Pathak,धनुषा,dhanusha,3,"("""" अमित कुमार पाठक """" OR """" Amit Kumar Pathak """") ("""" धनुषा """" OR """" dhanusha 3 """") since:2025-09-05"
अरबिन्द कुमार पासवान,Arbind Kumar Paswan,धनुषा,dhanusha,3,"("""" अरबिन्द कुमार पासवान """" OR """" Arbind Kumar Paswan """") ("""" धनुषा """" OR """" dhanusha 3 """") since:2025-09-05"
आनन्द दास तत्मा,Anand Das Tatma,धनुषा,dhanusha,3,"("""" आनन्द दास तत्मा """" OR """" Anand Das Tatma """") ("""" धनुषा """" OR """" dhanusha 3 """") since:2025-09-05"
कृष्ण कुमार साह,Krishna Kumar Sah,धनुषा,dhanusha,3,"("""" कृष्ण कुमार साह """" OR """" Krishna Kumar Sah """") ("""" धनुषा """" OR """" dhanusha 3 """") since:2025-09-05"
कृष्ण कुमार सुल्तानिया,Krishna Kumar Sultaniya,धनुषा,dhanusha,3,"("""" कृष्ण कुमार सुल्तानिया """" OR """" Krishna Kumar Sultaniya """") ("""" धनुषा """" OR """" dhanusha 3 """") since:2025-09-05"
केवल ठाकुर,Keval Thakur,धनुषा,dhanusha,3,"("""" केवल ठाकुर """" OR """" Keval Thakur """") ("""" धनुषा """" OR """" dhanusha 3 """") since:2025-09-05"
गंगा लक्ष्मी वैद्य,Ganga Lakshmi Vaidya,धनुषा,dhanusha,3,"("""" गंगा लक्ष्मी वैद्य """" OR """" Ganga Lakshmi Vaidya """") ("""" धनुषा """" OR """" dhanusha 3 """") since:2025-09-05"
गोपाल प्रसाद साह,Gopal Prasad Sah,धनुषा,dhanusha,3,"("""" गोपाल प्रसाद साह """" OR """" Gopal Prasad Sah """") ("""" धनुषा """" OR """" dhanusha 3 """") since:2025-09-05"
चन्दन कुमार झा,Chandan Kumar Jha,धनुषा,dhanusha,3,"("""" चन्दन कुमार झा """" OR """" Chandan Kumar Jha """") ("""" धनुषा """" OR """" dhanusha 3 """") since:2025-09-05"
जुली कुमारी महतो (महासेठ),Juli Kumari Mahato (Mahaseth),धनुषा,dhanusha,3,"("""" जुली कुमारी महतो (महासेठ) """" OR """" Juli Kumari Mahato (Mahaseth) """") ("""" धनुषा """" OR """" dhanusha 3 """") since:2025-09-05"
दिवाकर कुमार साह,Divakar Kumar Sah,धनुषा,dhanusha,3,"("""" दिवाकर कुमार साह """" OR """" Divakar Kumar Sah """") ("""" धनुषा """" OR """" dhanusha 3 """") since:2025-09-05"
नबोनाथ ठाकुर,Nabonath Thakur,धनुषा,dhanusha,3,"("""" नबोनाथ ठाकुर """" OR """" Nabonath Thakur """") ("""" धनुषा """" OR """" dhanusha 3 """") since:2025-09-05"
नवीन कुमार रंजन,Nabin Kumar Ranjan,धनुषा,dhanusha,3,"("""" नवीन कुमार रंजन """" OR """" Nabin Kumar Ranjan """") ("""" धनुषा """" OR """" dhanusha 3 """") since:2025-09-05"
परमेश्‍वर साह सुडी,Parmeshwar Sah Sudi,धनुषा,dhanusha,3,"("""" परमेश्‍वर साह सुडी """" OR """" Parmeshwar Sah Sudi """") ("""" धनुषा """" OR """" dhanusha 3 """") since:2025-09-05"
प्रदिप विक्रम साह,Pradip Vikram Sah,धनुषा,dhanusha,3,"("""" प्रदिप विक्रम साह """" OR """" Pradip Vikram Sah """") ("""" धनुषा """" OR """" dhanusha 3 """") since:2025-09-05"
प्रमोद कुमार साह,Pramod Kumar Sah,धनुषा,dhanusha,3,"("""" प्रमोद कुमार साह """" OR """" Pramod Kumar Sah """") ("""" धनुषा """" OR """" dhanusha 3 """") since:2025-09-05"
बिक्रम साह ,Bikram Sah,धनुषा,dhanusha,3,"("""" बिक्रम साह  """" OR """" Bikram Sah """") ("""" धनुषा """" OR """" dhanusha 3 """") since:2025-09-05"
भरत कुमार साह,Bharat Kumar Sah,धनुषा,dhanusha,3,"("""" भरत कुमार साह """" OR """" Bharat Kumar Sah """") ("""" धनुषा """" OR """" dhanusha 3 """") since:2025-09-05"
मनिष झा,Manish Jha,धनुषा,dhanusha,3,"("""" मनिष झा """" OR """" Manish Jha """") ("""" धनुषा """" OR """" dhanusha 3 """") since:2025-09-05"
मनोज कुमार साह,Manoj Kumar Sah,धनुषा,dhanusha,3,"("""" मनोज कुमार साह """" OR """" Manoj Kumar Sah """") ("""" धनुषा """" OR """" dhanusha 3 """") since:2025-09-05"
मात्रिका प्रसाद दास,Matrika Prasad Das,धनुषा,dhanusha,3,"("""" मात्रिका प्रसाद दास """" OR """" Matrika Prasad Das """") ("""" धनुषा """" OR """" dhanusha 3 """") since:2025-09-05"
मुकेश यादव,Mukesh Yadav,धनुषा,dhanusha,3,"("""" मुकेश यादव """" OR """" Mukesh Yadav """") ("""" धनुषा """" OR """" dhanusha 3 """") since:2025-09-05"
रमेन्द्र कुमार कर्ण,Ramendra Kumar Karna,धनुषा,dhanusha,3,"("""" रमेन्द्र कुमार कर्ण """" OR """" Ramendra Kumar Karna """") ("""" धनुषा """" OR """" dhanusha 3 """") since:2025-09-05"
राज कुमार भण्डारी,Raj Kumar Bhandari,धनुषा,dhanusha,3,"("""" राज कुमार भण्डारी """" OR """" Raj Kumar Bhandari """") ("""" धनुषा """" OR """" dhanusha 3 """") since:2025-09-05"
राज कुमारी साह,Raj Kumari Sah,धनुषा,dhanusha,3,"("""" राज कुमारी साह """" OR """" Raj Kumari Sah """") ("""" धनुषा """" OR """" dhanusha 3 """") since:2025-09-05"
राजीव कुमार झा,Rajiv Kumar Jha,धनुषा,dhanusha,3,"("""" राजीव कुमार झा """" OR """" Rajiv Kumar Jha """") ("""" धनुषा """" OR """" dhanusha 3 """") since:2025-09-05"
राजु कुमार साह,Raju Kumar Sah,धनुषा,dhanusha,3,"("""" राजु कुमार साह """" OR """" Raju Kumar Sah """") ("""" धनुषा """" OR """" dhanusha 3 """") since:2025-09-05"
रामललित मंडल,Ramlalita Mandal,धनुषा,dhanusha,3,"("""" रामललित मंडल """" OR """" Ramlalita Mandal """") ("""" धनुषा """" OR """" dhanusha 3 """") since:2025-09-05"
रामसरोज साह,Ramsaroj Sah,धनुषा,dhanusha,3,"("""" रामसरोज साह """" OR """" Ramsaroj Sah """") ("""" धनुषा """" OR """" dhanusha 3 """") since:2025-09-05"
रोशन यादव,Roshan Yadav,धनुषा,dhanusha,3,"("""" रोशन यादव """" OR """" Roshan Yadav """") ("""" धनुषा """" OR """" dhanusha 3 """") since:2025-09-05"
विनोद कर्ण,Vinod Karna,धनुषा,dhanusha,3,"("""" विनोद कर्ण """" OR """" Vinod Karna """") ("""" धनुषा """" OR """" dhanusha 3 """") since:2025-09-05"
विमलेन्द्र निधि,Vimolendra Nidhi,धनुषा,dhanusha,3,"("""" विमलेन्द्र निधि """" OR """" Vimolendra Nidhi """") ("""" धनुषा """" OR """" dhanusha 3 """") since:2025-09-05"
श्याम किशोर साह,Shyam Kishor Sah,धनुषा,dhanusha,3,"("""" श्याम किशोर साह """" OR """" Shyam Kishor Sah """") ("""" धनुषा """" OR """" dhanusha 3 """") since:2025-09-05"
सदाम हुसैन,Saddam Husain,धनुषा,dhanusha,3,"("""" सदाम हुसैन """" OR """" Saddam Husain """") ("""" धनुषा """" OR """" dhanusha 3 """") since:2025-09-05"
सवनम खातुन साफी,Sanam Khatun Safi,धनुषा,dhanusha,3,"("""" सवनम खातुन साफी """" OR """" Sanam Khatun Safi """") ("""" धनुषा """" OR """" dhanusha 3 """") since:2025-09-05"
सीता देवी,Sita Devi,धनुषा,dhanusha,3,"("""" सीता देवी """" OR """" Sita Devi """") ("""" धनुषा """" OR """" dhanusha 3 """") since:2025-09-05"
सीता देवी साह,Sita Devi Sah,धनुषा,dhanusha,3,"("""" सीता देवी साह """" OR """" Sita Devi Sah """") ("""" धनुषा """" OR """" dhanusha 3 """") since:2025-09-05"
सीताराम महतो,Sitaram Mahato,धनुषा,dhanusha,3,"("""" सीताराम महतो """" OR """" Sitaram Mahato """") ("""" धनुषा """" OR """" dhanusha 3 """") since:2025-09-05"
सुनिल साह,Sunil Sah,धनुषा,dhanusha,3,"("""" सुनिल साह """" OR """" Sunil Sah """") ("""" धनुषा """" OR """" dhanusha 3 """") since:2025-09-05"
सुरैत मंडल,Surait Mandal,धनुषा,dhanusha,3,"("""" सुरैत मंडल """" OR """" Surait Mandal """") ("""" धनुषा """" OR """" dhanusha 3 """") since:2025-09-05"
सुवदार यादव,Suvdar Yadav,धनुषा,dhanusha,3,"("""" सुवदार यादव """" OR """" Suvdar Yadav """") ("""" धनुषा """" OR """" dhanusha 3 """") since:2025-09-05"
हरि नारायण यादव,Hari Narayan Yadav,धनुषा,dhanusha,3,"("""" हरि नारायण यादव """" OR """" Hari Narayan Yadav """") ("""" धनुषा """" OR """" dhanusha 3 """") since:2025-09-05"
हुसैन कवारी,Husain Kawari,धनुषा,dhanusha,3,"("""" हुसैन कवारी """" OR """" Husain Kawari """") ("""" धनुषा """" OR """" dhanusha 3 """") since:2025-09-05"
आकाश राना मगर,Akash Rana Magar,गोरखा,gorkha,1,"("""" आकाश राना मगर """" OR """" Akash Rana Magar """") ("""" गोरखा """" OR """" gorkha 1 """") since:2025-09-05"
कविता भट्टराई,Kavita Bhattarai,गोरखा,gorkha,1,"("""" कविता भट्टराई """" OR """" Kavita Bhattarai """") ("""" गोरखा """" OR """" gorkha 1 """") since:2025-09-05"
केदार मणी खनाल,Kedar Mani Khanal,गोरखा,gorkha,1,"("""" केदार मणी खनाल """" OR """" Kedar Mani Khanal """") ("""" गोरखा """" OR """" gorkha 1 """") since:2025-09-05"
जित बहादुर घले,Jit Bahadur Ghale,गोरखा,gorkha,1,"("""" जित बहादुर घले """" OR """" Jit Bahadur Ghale """") ("""" गोरखा """" OR """" gorkha 1 """") since:2025-09-05"
देव बहादुर थापा,Dev Bahadur Thapa,गोरखा,gorkha,1,"("""" देव बहादुर थापा """" OR """" Dev Bahadur Thapa """") ("""" गोरखा """" OR """" gorkha 1 """") since:2025-09-05"
प्रेम कुमार खत्री,Prem Kumar Khatri,गोरखा,gorkha,1,"("""" प्रेम कुमार खत्री """" OR """" Prem Kumar Khatri """") ("""" गोरखा """" OR """" gorkha 1 """") since:2025-09-05"
मनु कुमारी श्रेष्‍ठ,Manu Kumari Shrestha,गोरखा,gorkha,1,"("""" मनु कुमारी श्रेष्‍ठ """" OR """" Manu Kumari Shrestha """") ("""" गोरखा """" OR """" gorkha 1 """") since:2025-09-05"
राम चन्द्र लामिछाने,Ram Chandra Lamichhane,गोरखा,gorkha,1,"("""" राम चन्द्र लामिछाने """" OR """" Ram Chandra Lamichhane """") ("""" गोरखा """" OR """" gorkha 1 """") since:2025-09-05"
रामकाजी राना मगर,Ramkaji Rana Magar,गोरखा,gorkha,1,"("""" रामकाजी राना मगर """" OR """" Ramkaji Rana Magar """") ("""" गोरखा """" OR """" gorkha 1 """") since:2025-09-05"
विष्णु प्रसाद रिजाल,Vishnu Prasad Rijal,गोरखा,gorkha,1,"("""" विष्णु प्रसाद रिजाल """" OR """" Vishnu Prasad Rijal """") ("""" गोरखा """" OR """" gorkha 1 """") since:2025-09-05"
सुधन गुरुङ,Sudhan Gurung,गोरखा,gorkha,1,"("""" सुधन गुरुङ """" OR """" Sudhan Gurung """") ("""" गोरखा """" OR """" gorkha 1 """") since:2025-09-05"
हरि राज अधिकारी,Hari Raj Adhikari,गोरखा,gorkha,1,"("""" हरि राज अधिकारी """" OR """" Hari Raj Adhikari """") ("""" गोरखा """" OR """" gorkha 1 """") since:2025-09-05"
अभय राजवंशी,Abhay Rajbanshi,झापा,jhapa,3,"("""" अभय राजवंशी """" OR """" Abhay Rajbanshi """") ("""" झापा """" OR """" jhapa 3 """") since:2025-09-05"
कर्ण लाल राजवंशि,Karna Lal Rajbanshi,झापा,jhapa,3,"("""" कर्ण लाल राजवंशि """" OR """" Karna Lal Rajbanshi """") ("""" झापा """" OR """" jhapa 3 """") since:2025-09-05"
चन्द्रकला सावा,Chandrakala Sawa,झापा,jhapa,3,"("""" चन्द्रकला सावा """" OR """" Chandrakala Sawa """") ("""" झापा """" OR """" jhapa 3 """") since:2025-09-05"
जयेन मगर,Jayen Magar,झापा,jhapa,3,"("""" जयेन मगर """" OR """" Jayen Magar """") ("""" झापा """" OR """" jhapa 3 """") since:2025-09-05"
डिल्लीराम घिमिरे,Dilliram Ghimire,झापा,jhapa,3,"("""" डिल्लीराम घिमिरे """" OR """" Dilliram Ghimire """") ("""" झापा """" OR """" jhapa 3 """") since:2025-09-05"
दिपक तिम्सिना,Deepak Timsina,झापा,jhapa,3,"("""" दिपक तिम्सिना """" OR """" Deepak Timsina """") ("""" झापा """" OR """" jhapa 3 """") since:2025-09-05"
धर्म लक्ष्मी दुवाल (लघु),Dharm Lakshmi Duwal (Laghu),झापा,jhapa,3,"("""" धर्म लक्ष्मी दुवाल (लघु) """" OR """" Dharm Lakshmi Duwal (Laghu) """") ("""" झापा """" OR """" jhapa 3 """") since:2025-09-05"
प्रकाश पाठक,Prakash Pathak,झापा,jhapa,3,"("""" प्रकाश पाठक """" OR """" Prakash Pathak """") ("""" झापा """" OR """" jhapa 3 """") since:2025-09-05"
मानप्रकाश संग्रौला,Manprakash Sangraula,झापा,jhapa,3,"("""" मानप्रकाश संग्रौला """" OR """" Manprakash Sangraula """") ("""" झापा """" OR """" jhapa 3 """") since:2025-09-05"
याम कुमार श्रेष्ठ,Yam Kumar Shrestha,झापा,jhapa,3,"("""" याम कुमार श्रेष्ठ """" OR """" Yam Kumar Shrestha """") ("""" झापा """" OR """" jhapa 3 """") since:2025-09-05"
राजेन्द्र कुमार घिमिरे,Rajendra Kumar Ghimire,झापा,jhapa,3,"("""" राजेन्द्र कुमार घिमिरे """" OR """" Rajendra Kumar Ghimire """") ("""" झापा """" OR """" jhapa 3 """") since:2025-09-05"
राजेन्द्र प्रसाद लिङ्देन,Rajendra Prasad Lingden,झापा,jhapa,3,"("""" राजेन्द्र प्रसाद लिङ्देन """" OR """" Rajendra Prasad Lingden """") ("""" झापा """" OR """" jhapa 3 """") since:2025-09-05"
विनिता कुमारी राजवंशी,Vinita Kumari Rajbanshi,झापा,jhapa,3,"("""" विनिता कुमारी राजवंशी """" OR """" Vinita Kumari Rajbanshi """") ("""" झापा """" OR """" jhapa 3 """") since:2025-09-05"
श्यामकृष्ण पाठक,Shyamkrishna Pathak,झापा,jhapa,3,"("""" श्यामकृष्ण पाठक """" OR """" Shyamkrishna Pathak """") ("""" झापा """" OR """" jhapa 3 """") since:2025-09-05"
सन्तोष कटुवाल,Santosh Katuwal,झापा,jhapa,3,"("""" सन्तोष कटुवाल """" OR """" Santosh Katuwal """") ("""" झापा """" OR """" jhapa 3 """") since:2025-09-05"
हरसलाल राजवंशी,Harishlal Rajbanshi,झापा,jhapa,3,"("""" हरसलाल राजवंशी """" OR """" Harishlal Rajbanshi """") ("""" झापा """" OR """" jhapa 3 """") since:2025-09-05"
हरी बहादुर राजवंशी,Hari Bahadur Rajbanshi,झापा,jhapa,3,"("""" हरी बहादुर राजवंशी """" OR """" Hari Bahadur Rajbanshi """") ("""" झापा """" OR """" jhapa 3 """") since:2025-09-05"
अमृत रसाइलि,Amrit Rsaili,झापा,jhapa,5,"("""" अमृत रसाइलि """" OR """" Amrit Rsaili """") ("""" झापा """" OR """" jhapa 5 """") since:2025-09-05"
अमृतलाल महतो,Amritlal Mahato,झापा,jhapa,5,"("""" अमृतलाल महतो """" OR """" Amritlal Mahato """") ("""" झापा """" OR """" jhapa 5 """") since:2025-09-05"
अर्जुन सापकोटा,Arjun Sapkota,झापा,jhapa,5,"("""" अर्जुन सापकोटा """" OR """" Arjun Sapkota """") ("""" झापा """" OR """" jhapa 5 """") since:2025-09-05"
के.पी शर्मा ओली,K.P. Sharma Oli,झापा,jhapa,5,"("""" के.पी शर्मा ओली """" OR """" K.P. Sharma Oli """") ("""" झापा """" OR """" jhapa 5 """") since:2025-09-05"
खेमनाथ शिवाकोटी,Khemnath Shivakoti,झापा,jhapa,5,"("""" खेमनाथ शिवाकोटी """" OR """" Khemnath Shivakoti """") ("""" झापा """" OR """" jhapa 5 """") since:2025-09-05"
डम्वर शाहु,Dambar Shahu,झापा,jhapa,5,"("""" डम्वर शाहु """" OR """" Dambar Shahu """") ("""" झापा """" OR """" jhapa 5 """") since:2025-09-05"
धर्मराज गुरागाई,Dharmraj Guragai,झापा,jhapa,5,"("""" धर्मराज गुरागाई """" OR """" Dharmraj Guragai """") ("""" झापा """" OR """" jhapa 5 """") since:2025-09-05"
धिरेन सुब्बा,Dhiren Subba,झापा,jhapa,5,"("""" धिरेन सुब्बा """" OR """" Dhiren Subba """") ("""" झापा """" OR """" jhapa 5 """") since:2025-09-05"
पदम बहादुर जवेगु,Padam Bahadur Jvegu,झापा,jhapa,5,"("""" पदम बहादुर जवेगु """" OR """" Padam Bahadur Jvegu """") ("""" झापा """" OR """" jhapa 5 """") since:2025-09-05"
पुस्कर खतिवडा,Puskar Khatiwada,झापा,jhapa,5,"("""" पुस्कर खतिवडा """" OR """" Puskar Khatiwada """") ("""" झापा """" OR """" jhapa 5 """") since:2025-09-05"
प्रकाश नेपाल,Prakash Nepal,झापा,jhapa,5,"("""" प्रकाश नेपाल """" OR """" Prakash Nepal """") ("""" झापा """" OR """" jhapa 5 """") since:2025-09-05"
मंधरा चिमरिया,Mandhara Chimariya,झापा,jhapa,5,"("""" मंधरा चिमरिया """" OR """" Mandhara Chimariya """") ("""" झापा """" OR """" jhapa 5 """") since:2025-09-05"
मातृका भट्टराई,Matrika Bhattarai,झापा,jhapa,5,"("""" मातृका भट्टराई """" OR """" Matrika Bhattarai """") ("""" झापा """" OR """" jhapa 5 """") since:2025-09-05"
रञ्जना गौतम,Ranjana Gautam,झापा,jhapa,5,"("""" रञ्जना गौतम """" OR """" Ranjana Gautam """") ("""" झापा """" OR """" jhapa 5 """") since:2025-09-05"
रन्जित तामाङ,Ranjit Tamang,झापा,jhapa,5,"("""" रन्जित तामाङ """" OR """" Ranjit Tamang """") ("""" झापा """" OR """" jhapa 5 """") since:2025-09-05"
लक्ष्मी प्रसाद संग्रौला,Lakshmi Prasad Sangraula,झापा,jhapa,5,"("""" लक्ष्मी प्रसाद संग्रौला """" OR """" Lakshmi Prasad Sangraula """") ("""" झापा """" OR """" jhapa 5 """") since:2025-09-05"
वालेन्द्र शाह,Balendra Shah,झापा,jhapa,5,"("""" वालेन्द्र शाह """" OR """" Balendra Shah """") ("""" झापा """" OR """" jhapa 5 """") since:2025-09-05"
विपुल गुरागाई,Vipul Guragai,झापा,jhapa,5,"("""" विपुल गुरागाई """" OR """" Vipul Guragai """") ("""" झापा """" OR """" jhapa 5 """") since:2025-09-05"
शोभा भण्डारी,Shobha Bhandari,झापा,jhapa,5,"("""" शोभा भण्डारी """" OR """" Shobha Bhandari """") ("""" झापा """" OR """" jhapa 5 """") since:2025-09-05"
संजय राई,Sanjay Rai,झापा,jhapa,5,"("""" संजय राई """" OR """" Sanjay Rai """") ("""" झापा """" OR """" jhapa 5 """") since:2025-09-05"
समिर तामाङ्ग,Samir Tamang,झापा,jhapa,5,"("""" समिर तामाङ्ग """" OR """" Samir Tamang """") ("""" झापा """" OR """" jhapa 5 """") since:2025-09-05"
सविन राई,Savin Rai,झापा,jhapa,5,"("""" सविन राई """" OR """" Savin Rai """") ("""" झापा """" OR """" jhapa 5 """") since:2025-09-05"
सान बहादुर मेचे,San Bahadur Meche,झापा,jhapa,5,"("""" सान बहादुर मेचे """" OR """" San Bahadur Meche """") ("""" झापा """" OR """" jhapa 5 """") since:2025-09-05"
सुशान्त साम्पङ राइ,Sushant Sampang Rai,झापा,jhapa,5,"("""" सुशान्त साम्पङ राइ """" OR """" Sushant Sampang Rai """") ("""" झापा """" OR """" jhapa 5 """") since:2025-09-05"
अर्जुन बहादुर शाही,Arjun Bahadur Shahi,काठमाडौं,kathmandu,1,"("""" अर्जुन बहादुर शाही """" OR """" Arjun Bahadur Shahi """") ("""" काठमाडौं """" OR """" kathmandu 1 """") since:2025-09-05"
असिम मान सिंह वस्नयात,Asim Man Singh Basnyat,काठमाडौं,kathmandu,1,"("""" असिम मान सिंह वस्नयात """" OR """" Asim Man Singh Basnyat """") ("""" काठमाडौं """" OR """" kathmandu 1 """") since:2025-09-05"
इन्द्र प्रसाद श्रेष्ठ,Indra Prasad Shrestha,काठमाडौं,kathmandu,1,"("""" इन्द्र प्रसाद श्रेष्ठ """" OR """" Indra Prasad Shrestha """") ("""" काठमाडौं """" OR """" kathmandu 1 """") since:2025-09-05"
कमल कोइराला,Kamal Koirala,काठमाडौं,kathmandu,1,"("""" कमल कोइराला """" OR """" Kamal Koirala """") ("""" काठमाडौं """" OR """" kathmandu 1 """") since:2025-09-05"
कमल सुवेदी,Kamal Suvedi,काठमाडौं,kathmandu,1,"("""" कमल सुवेदी """" OR """" Kamal Suvedi """") ("""" काठमाडौं """" OR """" kathmandu 1 """") since:2025-09-05"
किरण शाह,Kiran Shah,काठमाडौं,kathmandu,1,"("""" किरण शाह """" OR """" Kiran Shah """") ("""" काठमाडौं """" OR """" kathmandu 1 """") since:2025-09-05"
कुमार शाही,Kumar Shahi,काठमाडौं,kathmandu,1,"("""" कुमार शाही """" OR """" Kumar Shahi """") ("""" काठमाडौं """" OR """" kathmandu 1 """") since:2025-09-05"
कुशल खत्री,Kushal Khatri,काठमाडौं,kathmandu,1,"("""" कुशल खत्री """" OR """" Kushal Khatri """") ("""" काठमाडौं """" OR """" kathmandu 1 """") since:2025-09-05"
धनराज शाही,Dhanraj Shahi,काठमाडौं,kathmandu,1,"("""" धनराज शाही """" OR """" Dhanraj Shahi """") ("""" काठमाडौं """" OR """" kathmandu 1 """") since:2025-09-05"
प्रकाश नायजु,Prakash Nayju,काठमाडौं,kathmandu,1,"("""" प्रकाश नायजु """" OR """" Prakash Nayju """") ("""" काठमाडौं """" OR """" kathmandu 1 """") since:2025-09-05"
प्रबल  थापा क्षेत्री ,Prabal Thapa Chhetri,काठमाडौं,kathmandu,1,"("""" प्रबल  थापा क्षेत्री  """" OR """" Prabal Thapa Chhetri """") ("""" काठमाडौं """" OR """" kathmandu 1 """") since:2025-09-05"
मंग लाल श्रेष्‍ठ,Manglal Shrestha,काठमाडौं,kathmandu,1,"("""" मंग लाल श्रेष्‍ठ """" OR """" Manglal Shrestha """") ("""" काठमाडौं """" OR """" kathmandu 1 """") since:2025-09-05"
मेनुका भण्डारी,Menuka Bhandari,काठमाडौं,kathmandu,1,"("""" मेनुका भण्डारी """" OR """" Menuka Bhandari """") ("""" काठमाडौं """" OR """" kathmandu 1 """") since:2025-09-05"
मोहन राज रेग्मी,Mohan Raj Regmi,काठमाडौं,kathmandu,1,"("""" मोहन राज रेग्मी """" OR """" Mohan Raj Regmi """") ("""" काठमाडौं """" OR """" kathmandu 1 """") since:2025-09-05"
रन्‍जु न्‍यौपाने,Ranju Nyaupane,काठमाडौं,kathmandu,1,"("""" रन्‍जु न्‍यौपाने """" OR """" Ranju Nyaupane """") ("""" काठमाडौं """" OR """" kathmandu 1 """") since:2025-09-05"
रमिला ज्याख्व(सुवाल),Ramila Jyakhwa (Suwal),काठमाडौं,kathmandu,1,"("""" रमिला ज्याख्व(सुवाल) """" OR """" Ramila Jyakhwa (Suwal) """") ("""" काठमाडौं """" OR """" kathmandu 1 """") since:2025-09-05"
रमेश प्रसाद जोशी,Ramesh Prasad Joshi,काठमाडौं,kathmandu,1,"("""" रमेश प्रसाद जोशी """" OR """" Ramesh Prasad Joshi """") ("""" काठमाडौं """" OR """" kathmandu 1 """") since:2025-09-05"
रवीन्द्र मिश्र,Rabindra Mishra,काठमाडौं,kathmandu,1,"("""" रवीन्द्र मिश्र """" OR """" Rabindra Mishra """") ("""" काठमाडौं """" OR """" kathmandu 1 """") since:2025-09-05"
राज कुमार बजगाई,Raj Kumar Bajgai,काठमाडौं,kathmandu,1,"("""" राज कुमार बजगाई """" OR """" Raj Kumar Bajgai """") ("""" काठमाडौं """" OR """" kathmandu 1 """") since:2025-09-05"
राज कुमार लिम्‍बु,Raj Kumar Limbu,काठमाडौं,kathmandu,1,"("""" राज कुमार लिम्‍बु """" OR """" Raj Kumar Limbu """") ("""" काठमाडौं """" OR """" kathmandu 1 """") since:2025-09-05"
राजु भुजेल,Raju Bhujel,काठमाडौं,kathmandu,1,"("""" राजु भुजेल """" OR """" Raju Bhujel """") ("""" काठमाडौं """" OR """" kathmandu 1 """") since:2025-09-05"
शम्भु पोखरेल,Shambhu Pokharel,काठमाडौं,kathmandu,1,"("""" शम्भु पोखरेल """" OR """" Shambhu Pokharel """") ("""" काठमाडौं """" OR """" kathmandu 1 """") since:2025-09-05"
शान्ती श्रेष्ठ,Shanti Shrestha,काठमाडौं,kathmandu,1,"("""" शान्ती श्रेष्ठ """" OR """" Shanti Shrestha """") ("""" काठमाडौं """" OR """" kathmandu 1 """") since:2025-09-05"
संगित बम्म,Sangit Bam,काठमाडौं,kathmandu,1,"("""" संगित बम्म """" OR """" Sangit Bam """") ("""" काठमाडौं """" OR """" kathmandu 1 """") since:2025-09-05"
सबिन सिग्देल,Sabin Sigdel,काठमाडौं,kathmandu,1,"("""" सबिन सिग्देल """" OR """" Sabin Sigdel """") ("""" काठमाडौं """" OR """" kathmandu 1 """") since:2025-09-05"
समिर  लामा तामाङ ,Samir Lama Tamang,काठमाडौं,kathmandu,1,"("""" समिर  लामा तामाङ  """" OR """" Samir Lama Tamang """") ("""" काठमाडौं """" OR """" kathmandu 1 """") since:2025-09-05"
सागर जोशी,Sagar Joshi,काठमाडौं,kathmandu,1,"("""" सागर जोशी """" OR """" Sagar Joshi """") ("""" काठमाडौं """" OR """" kathmandu 1 """") since:2025-09-05"
सुरेन्द्र प्रसाद ढकाल,Surendra Prasad Dhakal,काठमाडौं,kathmandu,1,"("""" सुरेन्द्र प्रसाद ढकाल """" OR """" Surendra Prasad Dhakal """") ("""" काठमाडौं """" OR """" kathmandu 1 """") since:2025-09-05"
सुरेन्‍द्र पाण्‍डे,Surendra Pandey,काठमाडौं,kathmandu,1,"("""" सुरेन्‍द्र पाण्‍डे """" OR """" Surendra Pandey """") ("""" काठमाडौं """" OR """" kathmandu 1 """") since:2025-09-05"
कुल बहादुर लामा,Kul Bahadur Lama,काठमाडौं,kathmandu,3,"("""" कुल बहादुर लामा """" OR """" Kul Bahadur Lama """") ("""" काठमाडौं """" OR """" kathmandu 3 """") since:2025-09-05"
कुलमान घिसिङ्,Kulman Ghising,काठमाडौं,kathmandu,3,"("""" कुलमान घिसिङ् """" OR """" Kulman Ghising """") ("""" काठमाडौं """" OR """" kathmandu 3 """") since:2025-09-05"
केशव नेपाल,Keshav Nepal,काठमाडौं,kathmandu,3,"("""" केशव नेपाल """" OR """" Keshav Nepal """") ("""" काठमाडौं """" OR """" kathmandu 3 """") since:2025-09-05"
जित बहादुर तामाङ,Jit Bahadur Tamang,काठमाडौं,kathmandu,3,"("""" जित बहादुर तामाङ """" OR """" Jit Bahadur Tamang """") ("""" काठमाडौं """" OR """" kathmandu 3 """") since:2025-09-05"
निरज लामा,Niraj Lama,काठमाडौं,kathmandu,3,"("""" निरज लामा """" OR """" Niraj Lama """") ("""" काठमाडौं """" OR """" kathmandu 3 """") since:2025-09-05"
प्रदिप काफ्ले,Pradip Kaphle,काठमाडौं,kathmandu,3,"("""" प्रदिप काफ्ले """" OR """" Pradip Kaphle """") ("""" काठमाडौं """" OR """" kathmandu 3 """") since:2025-09-05"
प्रनिल ध्वज कार्की,Pranil Dhwaj Karki,काठमाडौं,kathmandu,3,"("""" प्रनिल ध्वज कार्की """" OR """" Pranil Dhwaj Karki """") ("""" काठमाडौं """" OR """" kathmandu 3 """") since:2025-09-05"
प्रेम छिरी शेर्पा,Prem Chhiri Sherpa,काठमाडौं,kathmandu,3,"("""" प्रेम छिरी शेर्पा """" OR """" Prem Chhiri Sherpa """") ("""" काठमाडौं """" OR """" kathmandu 3 """") since:2025-09-05"
बाबु काजी कार्की,Babu Kaji Karki,काठमाडौं,kathmandu,3,"("""" बाबु काजी कार्की """" OR """" Babu Kaji Karki """") ("""" काठमाडौं """" OR """" kathmandu 3 """") since:2025-09-05"
मदन श्रेष्ठ,Madan Shrestha,काठमाडौं,kathmandu,3,"("""" मदन श्रेष्ठ """" OR """" Madan Shrestha """") ("""" काठमाडौं """" OR """" kathmandu 3 """") since:2025-09-05"
रमेश अर्याल,Ramesh Aryal,काठमाडौं,kathmandu,3,"("""" रमेश अर्याल """" OR """" Ramesh Aryal """") ("""" काठमाडौं """" OR """" kathmandu 3 """") since:2025-09-05"
राजु नाथ पाण्डे,Raju Nath Pandey,काठमाडौं,kathmandu,3,"("""" राजु नाथ पाण्डे """" OR """" Raju Nath Pandey """") ("""" काठमाडौं """" OR """" kathmandu 3 """") since:2025-09-05"
राम कृष्‍ण पुजारी,Ram Krishna Pujari,काठमाडौं,kathmandu,3,"("""" राम कृष्‍ण पुजारी """" OR """" Ram Krishna Pujari """") ("""" काठमाडौं """" OR """" kathmandu 3 """") since:2025-09-05"
रामेश्‍वर फुयाल,Rameshwar Phuyal,काठमाडौं,kathmandu,3,"("""" रामेश्‍वर फुयाल """" OR """" Rameshwar Phuyal """") ("""" काठमाडौं """" OR """" kathmandu 3 """") since:2025-09-05"
रुप सागर देवी,Rup Sagar Devi,काठमाडौं,kathmandu,3,"("""" रुप सागर देवी """" OR """" Rup Sagar Devi """") ("""" काठमाडौं """" OR """" kathmandu 3 """") since:2025-09-05"
शेखर अर्याल,Shekhar Aryal,काठमाडौं,kathmandu,3,"("""" शेखर अर्याल """" OR """" Shekhar Aryal """") ("""" काठमाडौं """" OR """" kathmandu 3 """") since:2025-09-05"
शेखर नाथ आचार्य,Shekhar Nath Acharya,काठमाडौं,kathmandu,3,"("""" शेखर नाथ आचार्य """" OR """" Shekhar Nath Acharya """") ("""" काठमाडौं """" OR """" kathmandu 3 """") since:2025-09-05"
श्रीकृष्‍ण वराल,Shrikrishna Baral,काठमाडौं,kathmandu,3,"("""" श्रीकृष्‍ण वराल """" OR """" Shrikrishna Baral """") ("""" काठमाडौं """" OR """" kathmandu 3 """") since:2025-09-05"
सज्‍जन आचार्य,Sajjan Acharya,काठमाडौं,kathmandu,3,"("""" सज्‍जन आचार्य """" OR """" Sajjan Acharya """") ("""" काठमाडौं """" OR """" kathmandu 3 """") since:2025-09-05"
सुन्दर राम बोहरा,Sundar Ram Bohra,काठमाडौं,kathmandu,3,"("""" सुन्दर राम बोहरा """" OR """" Sundar Ram Bohra """") ("""" काठमाडौं """" OR """" kathmandu 3 """") since:2025-09-05"
सुरेश कुमार ढुङ्गाना,Suresh Kumar Dhunggana,काठमाडौं,kathmandu,3,"("""" सुरेश कुमार ढुङ्गाना """" OR """" Suresh Kumar Dhunggana """") ("""" काठमाडौं """" OR """" kathmandu 3 """") since:2025-09-05"
सुवाश घिसीङ,Suvash Ghising,काठमाडौं,kathmandu,3,"("""" सुवाश घिसीङ """" OR """" Suvash Ghising """") ("""" काठमाडौं """" OR """" kathmandu 3 """") since:2025-09-05"
अर्चन शम्शेर राणा,Archan Shamsher Rana,काठमाडौं,kathmandu,4,"("""" अर्चन शम्शेर राणा """" OR """" Archan Shamsher Rana """") ("""" काठमाडौं """" OR """" kathmandu 4 """") since:2025-09-05"
आशा लाल श्रेष्‍ठ,Asha Lal Shrestha,काठमाडौं,kathmandu,4,"("""" आशा लाल श्रेष्‍ठ """" OR """" Asha Lal Shrestha """") ("""" काठमाडौं """" OR """" kathmandu 4 """") since:2025-09-05"
आशिष श्रेष्‍ठ,Ashish Shrestha,काठमाडौं,kathmandu,4,"("""" आशिष श्रेष्‍ठ """" OR """" Ashish Shrestha """") ("""" काठमाडौं """" OR """" kathmandu 4 """") since:2025-09-05"
इन्द्र कुमार भुसाल,Indra Kumar Bhusal,काठमाडौं,kathmandu,4,"("""" इन्द्र कुमार भुसाल """" OR """" Indra Kumar Bhusal """") ("""" काठमाडौं """" OR """" kathmandu 4 """") since:2025-09-05"
करिस्मा  खरेल ,Karisma Kharel,काठमाडौं,kathmandu,4,"("""" करिस्मा  खरेल  """" OR """" Karisma Kharel """") ("""" काठमाडौं """" OR """" kathmandu 4 """") since:2025-09-05"
केदार बहादुर कार्की,Kedar Bahadur Karki,काठमाडौं,kathmandu,4,"("""" केदार बहादुर कार्की """" OR """" Kedar Bahadur Karki """") ("""" काठमाडौं """" OR """" kathmandu 4 """") since:2025-09-05"
केम्श सिंह,Kemsh Singh,काठमाडौं,kathmandu,4,"("""" केम्श सिंह """" OR """" Kemsh Singh """") ("""" काठमाडौं """" OR """" kathmandu 4 """") since:2025-09-05"
चेत बहादुर आले,Chet Bahadur Ale,काठमाडौं,kathmandu,4,"("""" चेत बहादुर आले """" OR """" Chet Bahadur Ale """") ("""" काठमाडौं """" OR """" kathmandu 4 """") since:2025-09-05"
छवि बहादुर खनाल,Chhabi Bahadur Khanal,काठमाडौं,kathmandu,4,"("""" छवि बहादुर खनाल """" OR """" Chhabi Bahadur Khanal """") ("""" काठमाडौं """" OR """" kathmandu 4 """") since:2025-09-05"
झनक बहादुर अधिकारी,Jhanak Bahadur Adhikari,काठमाडौं,kathmandu,4,"("""" झनक बहादुर अधिकारी """" OR """" Jhanak Bahadur Adhikari """") ("""" काठमाडौं """" OR """" kathmandu 4 """") since:2025-09-05"
दत्त बुढा,Datta Budha,काठमाडौं,kathmandu,4,"("""" दत्त बुढा """" OR """" Datta Budha """") ("""" काठमाडौं """" OR """" kathmandu 4 """") since:2025-09-05"
दीपेन्द्र कुमार काफ्ले,Dipendra Kumar Kaphle,काठमाडौं,kathmandu,4,"("""" दीपेन्द्र कुमार काफ्ले """" OR """" Dipendra Kumar Kaphle """") ("""" काठमाडौं """" OR """" kathmandu 4 """") since:2025-09-05"
देवराज पौडेल,Devraj Paudel,काठमाडौं,kathmandu,4,"("""" देवराज पौडेल """" OR """" Devraj Paudel """") ("""" काठमाडौं """" OR """" kathmandu 4 """") since:2025-09-05"
पुकार बम,Pukar Bam,काठमाडौं,kathmandu,4,"("""" पुकार बम """" OR """" Pukar Bam """") ("""" काठमाडौं """" OR """" kathmandu 4 """") since:2025-09-05"
पुजन गजुरेल,Pujan Gajurel,काठमाडौं,kathmandu,4,"("""" पुजन गजुरेल """" OR """" Pujan Gajurel """") ("""" काठमाडौं """" OR """" kathmandu 4 """") since:2025-09-05"
प्रेम कुमार राई,Prem Kumar Rai,काठमाडौं,kathmandu,4,"("""" प्रेम कुमार राई """" OR """" Prem Kumar Rai """") ("""" काठमाडौं """" OR """" kathmandu 4 """") since:2025-09-05"
बरुण अमात्य,Barun Amatya,काठमाडौं,kathmandu,4,"("""" बरुण अमात्य """" OR """" Barun Amatya """") ("""" काठमाडौं """" OR """" kathmandu 4 """") since:2025-09-05"
मदन देव आचार्य,Madan Dev Acharya,काठमाडौं,kathmandu,4,"("""" मदन देव आचार्य """" OR """" Madan Dev Acharya """") ("""" काठमाडौं """" OR """" kathmandu 4 """") since:2025-09-05"
मनोज अधिकारी,Manoj Adhikari,काठमाडौं,kathmandu,4,"("""" मनोज अधिकारी """" OR """" Manoj Adhikari """") ("""" काठमाडौं """" OR """" kathmandu 4 """") since:2025-09-05"
मुस्कान पौडेल,Muskan Paudel,काठमाडौं,kathmandu,4,"("""" मुस्कान पौडेल """" OR """" Muskan Paudel """") ("""" काठमाडौं """" OR """" kathmandu 4 """") since:2025-09-05"
राजन पुरी,Rajan Puri,काठमाडौं,kathmandu,4,"("""" राजन पुरी """" OR """" Rajan Puri """") ("""" काठमाडौं """" OR """" kathmandu 4 """") since:2025-09-05"
राजन भट्टराई,Rajan Bhattarai,काठमाडौं,kathmandu,4,"("""" राजन भट्टराई """" OR """" Rajan Bhattarai """") ("""" काठमाडौं """" OR """" kathmandu 4 """") since:2025-09-05"
विनोद बाबु प्रधान,Vinod Babu Pradhan,काठमाडौं,kathmandu,4,"("""" विनोद बाबु प्रधान """" OR """" Vinod Babu Pradhan """") ("""" काठमाडौं """" OR """" kathmandu 4 """") since:2025-09-05"
श्‍याम कुमार भट्रराई खत्री,Shyam Kumar Bhatrai Khatri,काठमाडौं,kathmandu,4,"("""" श्‍याम कुमार भट्रराई खत्री """" OR """" Shyam Kumar Bhatrai Khatri """") ("""" काठमाडौं """" OR """" kathmandu 4 """") since:2025-09-05"
संजिव दर्जी,Sanjiv Darji,काठमाडौं,kathmandu,4,"("""" संजिव दर्जी """" OR """" Sanjiv Darji """") ("""" काठमाडौं """" OR """" kathmandu 4 """") since:2025-09-05"
सचिन तिमल्सेना,Sachin Timalsena,काठमाडौं,kathmandu,4,"("""" सचिन तिमल्सेना """" OR """" Sachin Timalsena """") ("""" काठमाडौं """" OR """" kathmandu 4 """") since:2025-09-05"
सिता तामाङ्ग,Sita Tamang,काठमाडौं,kathmandu,4,"("""" सिता तामाङ्ग """" OR """" Sita Tamang """") ("""" काठमाडौं """" OR """" kathmandu 4 """") since:2025-09-05"
सुरेन्द्र राज भण्डारी,Surendra Raj Bhandari,काठमाडौं,kathmandu,4,"("""" सुरेन्द्र राज भण्डारी """" OR """" Surendra Raj Bhandari """") ("""" काठमाडौं """" OR """" kathmandu 4 """") since:2025-09-05"
अमित थापा,Amit Thapa,काठमाडौं,kathmandu,5,"("""" अमित थापा """" OR """" Amit Thapa """") ("""" काठमाडौं """" OR """" kathmandu 5 """") since:2025-09-05"
अशोक विक्रम जि सी,Ashok Vikram Ji Si,काठमाडौं,kathmandu,5,"("""" अशोक विक्रम जि सी """" OR """" Ashok Vikram Ji Si """") ("""" काठमाडौं """" OR """" kathmandu 5 """") since:2025-09-05"
इश्वर पोखरेल,Ishwar Pokharel,काठमाडौं,kathmandu,5,"("""" इश्वर पोखरेल """" OR """" Ishwar Pokharel """") ("""" काठमाडौं """" OR """" kathmandu 5 """") since:2025-09-05"
कमल थापा,Kamal Thapa,काठमाडौं,kathmandu,5,"("""" कमल थापा """" OR """" Kamal Thapa """") ("""" काठमाडौं """" OR """" kathmandu 5 """") since:2025-09-05"
कल्पना शर्मा,Kalpana Sharma,काठमाडौं,kathmandu,5,"("""" कल्पना शर्मा """" OR """" Kalpana Sharma """") ("""" काठमाडौं """" OR """" kathmandu 5 """") since:2025-09-05"
कोमल  पौडेल,Komal Paudel,काठमाडौं,kathmandu,5,"("""" कोमल  पौडेल """" OR """" Komal Paudel """") ("""" काठमाडौं """" OR """" kathmandu 5 """") since:2025-09-05"
क्यामुना मिजार,Kyamuna Mijar,काठमाडौं,kathmandu,5,"("""" क्यामुना मिजार """" OR """" Kyamuna Mijar """") ("""" काठमाडौं """" OR """" kathmandu 5 """") since:2025-09-05"
ज्ञानेन्द्र प्रजापती,Gyanendra Prajapati,काठमाडौं,kathmandu,5,"("""" ज्ञानेन्द्र प्रजापती """" OR """" Gyanendra Prajapati """") ("""" काठमाडौं """" OR """" kathmandu 5 """") since:2025-09-05"
ढक बहादुर कार्की,Dhak Bahadur Karki,काठमाडौं,kathmandu,5,"("""" ढक बहादुर कार्की """" OR """" Dhak Bahadur Karki """") ("""" काठमाडौं """" OR """" kathmandu 5 """") since:2025-09-05"
दानिन्द्र जोशी,Danindra Joshi,काठमाडौं,kathmandu,5,"("""" दानिन्द्र जोशी """" OR """" Danindra Joshi """") ("""" काठमाडौं """" OR """" kathmandu 5 """") since:2025-09-05"
धर्म डंगोल,Dharm Dangol,काठमाडौं,kathmandu,5,"("""" धर्म डंगोल """" OR """" Dharm Dangol """") ("""" काठमाडौं """" OR """" kathmandu 5 """") since:2025-09-05"
निमेस खनाल,Nimes Khanal,काठमाडौं,kathmandu,5,"("""" निमेस खनाल """" OR """" Nimes Khanal """") ("""" काठमाडौं """" OR """" kathmandu 5 """") since:2025-09-05"
नीशा अधिकारी,Nisha Adhikari,काठमाडौं,kathmandu,5,"("""" नीशा अधिकारी """" OR """" Nisha Adhikari """") ("""" काठमाडौं """" OR """" kathmandu 5 """") since:2025-09-05"
प्रदीप पौडेल,Pradip Paudel,काठमाडौं,kathmandu,5,"("""" प्रदीप पौडेल """" OR """" Pradip Paudel """") ("""" काठमाडौं """" OR """" kathmandu 5 """") since:2025-09-05"
प्रभा श्रेष्‍ठ,Prabha Shrestha,काठमाडौं,kathmandu,5,"("""" प्रभा श्रेष्‍ठ """" OR """" Prabha Shrestha """") ("""" काठमाडौं """" OR """" kathmandu 5 """") since:2025-09-05"
बसन्त राज कुँवर,Basanta Raj Kunwar,काठमाडौं,kathmandu,5,"("""" बसन्त राज कुँवर """" OR """" Basanta Raj Kunwar """") ("""" काठमाडौं """" OR """" kathmandu 5 """") since:2025-09-05"
मिरा गुरुङ,Mira Gurung,काठमाडौं,kathmandu,5,"("""" मिरा गुरुङ """" OR """" Mira Gurung """") ("""" काठमाडौं """" OR """" kathmandu 5 """") since:2025-09-05"
युवराज काफ्ले,Yuvraj Kaphle,काठमाडौं,kathmandu,5,"("""" युवराज काफ्ले """" OR """" Yuvraj Kaphle """") ("""" काठमाडौं """" OR """" kathmandu 5 """") since:2025-09-05"
रमिता सापकोटा,Ramita Sapkota,काठमाडौं,kathmandu,5,"("""" रमिता सापकोटा """" OR """" Ramita Sapkota """") ("""" काठमाडौं """" OR """" kathmandu 5 """") since:2025-09-05"
रमेश तामाङ,Ramesh Tamang,काठमाडौं,kathmandu,5,"("""" रमेश तामाङ """" OR """" Ramesh Tamang """") ("""" काठमाडौं """" OR """" kathmandu 5 """") since:2025-09-05"
विष्‍णु श्रेष्‍ठ,Vishnu Shrestha,काठमाडौं,kathmandu,5,"("""" विष्‍णु श्रेष्‍ठ """" OR """" Vishnu Shrestha """") ("""" काठमाडौं """" OR """" kathmandu 5 """") since:2025-09-05"
शाेभा लाल श्रेष्ठ,Shobha Lal Shrestha,काठमाडौं,kathmandu,5,"("""" शाेभा लाल श्रेष्ठ """" OR """" Shobha Lal Shrestha """") ("""" काठमाडौं """" OR """" kathmandu 5 """") since:2025-09-05"
श्रीराम गुरुङ,Shriram Gurung,काठमाडौं,kathmandu,5,"("""" श्रीराम गुरुङ """" OR """" Shriram Gurung """") ("""" काठमाडौं """" OR """" kathmandu 5 """") since:2025-09-05"
सस्मित पोखरेल,Sasmit Pokharel,काठमाडौं,kathmandu,5,"("""" सस्मित पोखरेल """" OR """" Sasmit Pokharel """") ("""" काठमाडौं """" OR """" kathmandu 5 """") since:2025-09-05"
स्याम काजी सुनुवार,Syam Kaji Sunuvar,काठमाडौं,kathmandu,5,"("""" स्याम काजी सुनुवार """" OR """" Syam Kaji Sunuvar """") ("""" काठमाडौं """" OR """" kathmandu 5 """") since:2025-09-05"
अन्जु कारन्जीत (थापा),Anju Karanjit (Thapa),ललितपुर,lalitpur,3,"("""" अन्जु कारन्जीत (थापा) """" OR """" Anju Karanjit (Thapa) """") ("""" ललितपुर """" OR """" lalitpur 3 """") since:2025-09-05"
अशोज कुमार महर्जन,Ashoj Kumar Maharjan,ललितपुर,lalitpur,3,"("""" अशोज कुमार महर्जन """" OR """" Ashoj Kumar Maharjan """") ("""" ललितपुर """" OR """" lalitpur 3 """") since:2025-09-05"
ऋतुवर्तन राई,Rituvartana Rai,ललितपुर,lalitpur,3,"("""" ऋतुवर्तन राई """" OR """" Rituvartana Rai """") ("""" ललितपुर """" OR """" lalitpur 3 """") since:2025-09-05"
कृष्ण देवि महर्जन,Krishna Devi Maharjan,ललितपुर,lalitpur,3,"("""" कृष्ण देवि महर्जन """" OR """" Krishna Devi Maharjan """") ("""" ललितपुर """" OR """" lalitpur 3 """") since:2025-09-05"
खगेन्द्र महर्जन,Khagendra Maharjan,ललितपुर,lalitpur,3,"("""" खगेन्द्र महर्जन """" OR """" Khagendra Maharjan """") ("""" ललितपुर """" OR """" lalitpur 3 """") since:2025-09-05"
जितेन्द्र कुमार श्रेष्ठ,Jitendra Kumar Shrestha,ललितपुर,lalitpur,3,"("""" जितेन्द्र कुमार श्रेष्ठ """" OR """" Jitendra Kumar Shrestha """") ("""" ललितपुर """" OR """" lalitpur 3 """") since:2025-09-05"
तोसीमा कार्की,Tosima Karki,ललितपुर,lalitpur,3,"("""" तोसीमा कार्की """" OR """" Tosima Karki """") ("""" ललितपुर """" OR """" lalitpur 3 """") since:2025-09-05"
दिल कुमार महर्जन,Dil Kumar Maharjan,ललितपुर,lalitpur,3,"("""" दिल कुमार महर्जन """" OR """" Dil Kumar Maharjan """") ("""" ललितपुर """" OR """" lalitpur 3 """") since:2025-09-05"
निल गोविन्द महर्जन,Nil Govind Maharjan,ललितपुर,lalitpur,3,"("""" निल गोविन्द महर्जन """" OR """" Nil Govind Maharjan """") ("""" ललितपुर """" OR """" lalitpur 3 """") since:2025-09-05"
बिमर्श मिश्र,Bimarsha Mishra,ललितपुर,lalitpur,3,"("""" बिमर्श मिश्र """" OR """" Bimarsha Mishra """") ("""" ललितपुर """" OR """" lalitpur 3 """") since:2025-09-05"
बिष्णु राज खड्का,Vishnu Raj Khadka,ललितपुर,lalitpur,3,"("""" बिष्णु राज खड्का """" OR """" Vishnu Raj Khadka """") ("""" ललितपुर """" OR """" lalitpur 3 """") since:2025-09-05"
यज्ञ प्रसाद पन्त,Yagya Prasad Pant,ललितपुर,lalitpur,3,"("""" यज्ञ प्रसाद पन्त """" OR """" Yagya Prasad Pant """") ("""" ललितपुर """" OR """" lalitpur 3 """") since:2025-09-05"
रमिला महर्जन,Ramila Maharjan,ललितपुर,lalitpur,3,"("""" रमिला महर्जन """" OR """" Ramila Maharjan """") ("""" ललितपुर """" OR """" lalitpur 3 """") since:2025-09-05"
राज काजी महर्जन,Raj Kaji Maharjan,ललितपुर,lalitpur,3,"("""" राज काजी महर्जन """" OR """" Raj Kaji Maharjan """") ("""" ललितपुर """" OR """" lalitpur 3 """") since:2025-09-05"
राधे श्याम खड्का,Radhe Shyam Khadka,ललितपुर,lalitpur,3,"("""" राधे श्याम खड्का """" OR """" Radhe Shyam Khadka """") ("""" ललितपुर """" OR """" lalitpur 3 """") since:2025-09-05"
रुपेस शाह,Rupesh Shah,ललितपुर,lalitpur,3,"("""" रुपेस शाह """" OR """" Rupesh Shah """") ("""" ललितपुर """" OR """" lalitpur 3 """") since:2025-09-05"
विजय पन्त,Vijay Pant,ललितपुर,lalitpur,3,"("""" विजय पन्त """" OR """" Vijay Pant """") ("""" ललितपुर """" OR """" lalitpur 3 """") since:2025-09-05"
श्याम बहादुर राई,Shyam Bahadur Rai,ललितपुर,lalitpur,3,"("""" श्याम बहादुर राई """" OR """" Shyam Bahadur Rai """") ("""" ललितपुर """" OR """" lalitpur 3 """") since:2025-09-05"
सन्दन थापा मगर,Sandan Thapa Magar,ललितपुर,lalitpur,3,"("""" सन्दन थापा मगर """" OR """" Sandan Thapa Magar """") ("""" ललितपुर """" OR """" lalitpur 3 """") since:2025-09-05"
सबिन कुमार खड्का,Sabin Kumar Khadka,ललितपुर,lalitpur,3,"("""" सबिन कुमार खड्का """" OR """" Sabin Kumar Khadka """") ("""" ललितपुर """" OR """" lalitpur 3 """") since:2025-09-05"
अजय कुमार गुप्‍ता,Ajay Kumar Gupta,रौतहट,rautahat,1,"("""" अजय कुमार गुप्‍ता """" OR """" Ajay Kumar Gupta """") ("""" रौतहट """" OR """" rautahat 1 """") since:2025-09-05"
अनिल कुमार झा,Anil Kumar Jha,रौतहट,rautahat,1,"("""" अनिल कुमार झा """" OR """" Anil Kumar Jha """") ("""" रौतहट """" OR """" rautahat 1 """") since:2025-09-05"
अभिषेक मिश्र,Abhishek Mishra,रौतहट,rautahat,1,"("""" अभिषेक मिश्र """" OR """" Abhishek Mishra """") ("""" रौतहट """" OR """" rautahat 1 """") since:2025-09-05"
अमृता कुमारी यादव,Amrita Kumari Yadav,रौतहट,rautahat,1,"("""" अमृता कुमारी यादव """" OR """" Amrita Kumari Yadav """") ("""" रौतहट """" OR """" rautahat 1 """") since:2025-09-05"
ईन्‍दु देवी गुप्‍ता,Indu Devi Gupta,रौतहट,rautahat,1,"("""" ईन्‍दु देवी गुप्‍ता """" OR """" Indu Devi Gupta """") ("""" रौतहट """" OR """" rautahat 1 """") since:2025-09-05"
उमेश कुमार शाह,Umesh Kumar Shah,रौतहट,rautahat,1,"("""" उमेश कुमार शाह """" OR """" Umesh Kumar Shah """") ("""" रौतहट """" OR """" rautahat 1 """") since:2025-09-05"
जाजुल देवान,Jajul Dewan,रौतहट,rautahat,1,"("""" जाजुल देवान """" OR """" Jajul Dewan """") ("""" रौतहट """" OR """" rautahat 1 """") since:2025-09-05"
त्रिभुवन साह,Tribhuvan Sah,रौतहट,rautahat,1,"("""" त्रिभुवन साह """" OR """" Tribhuvan Sah """") ("""" रौतहट """" OR """" rautahat 1 """") since:2025-09-05"
दिनेश कुमार यादव,Dinesh Kumar Yadav,रौतहट,rautahat,1,"("""" दिनेश कुमार यादव """" OR """" Dinesh Kumar Yadav """") ("""" रौतहट """" OR """" rautahat 1 """") since:2025-09-05"
दिनेश राय,Dinesh Ray,रौतहट,rautahat,1,"("""" दिनेश राय """" OR """" Dinesh Ray """") ("""" रौतहट """" OR """" rautahat 1 """") since:2025-09-05"
देवेन्द्र मिश्र,Devendra Mishra,रौतहट,rautahat,1,"("""" देवेन्द्र मिश्र """" OR """" Devendra Mishra """") ("""" रौतहट """" OR """" rautahat 1 """") since:2025-09-05"
प्रभा कुमारी सिंह,Prabha Kumari Singh,रौतहट,rautahat,1,"("""" प्रभा कुमारी सिंह """" OR """" Prabha Kumari Singh """") ("""" रौतहट """" OR """" rautahat 1 """") since:2025-09-05"
बिबेक चौधरी,Bibek Chaudhary,रौतहट,rautahat,1,"("""" बिबेक चौधरी """" OR """" Bibek Chaudhary """") ("""" रौतहट """" OR """" rautahat 1 """") since:2025-09-05"
बैद्यनाथ प्रसाद चौधरी,Baidyanath Prasad Chaudhary,रौतहट,rautahat,1,"("""" बैद्यनाथ प्रसाद चौधरी """" OR """" Baidyanath Prasad Chaudhary """") ("""" रौतहट """" OR """" rautahat 1 """") since:2025-09-05"
माधव कुमार नेपाल,Madhav Kumar Nepal,रौतहट,rautahat,1,"("""" माधव कुमार नेपाल """" OR """" Madhav Kumar Nepal """") ("""" रौतहट """" OR """" rautahat 1 """") since:2025-09-05"
मुनिन्द्र कुमार ठाकुर,Munindra Kumar Thakur,रौतहट,rautahat,1,"("""" मुनिन्द्र कुमार ठाकुर """" OR """" Munindra Kumar Thakur """") ("""" रौतहट """" OR """" rautahat 1 """") since:2025-09-05"
मृणाल कुमार शाह,Mrinal Kumar Shah,रौतहट,rautahat,1,"("""" मृणाल कुमार शाह """" OR """" Mrinal Kumar Shah """") ("""" रौतहट """" OR """" rautahat 1 """") since:2025-09-05"
मो तनवीर अखतर मिकरानी,Mo. Tanvir Akhtar Mikrani,रौतहट,rautahat,1,"("""" मो तनवीर अखतर मिकरानी """" OR """" Mo. Tanvir Akhtar Mikrani """") ("""" रौतहट """" OR """" rautahat 1 """") since:2025-09-05"
योगेन्द्र राय यादव,Yogendra Ray Yadav,रौतहट,rautahat,1,"("""" योगेन्द्र राय यादव """" OR """" Yogendra Ray Yadav """") ("""" रौतहट """" OR """" rautahat 1 """") since:2025-09-05"
रवि अर्चनम् वर्मा,Ravi Archanam Varma,रौतहट,rautahat,1,"("""" रवि अर्चनम् वर्मा """" OR """" Ravi Archanam Varma """") ("""" रौतहट """" OR """" rautahat 1 """") since:2025-09-05"
राजाराम मुखिया,Rajaram Mukhiya,रौतहट,rautahat,1,"("""" राजाराम मुखिया """" OR """" Rajaram Mukhiya """") ("""" रौतहट """" OR """" rautahat 1 """") since:2025-09-05"
राजु कुमार मुखिया,Raju Kumar Mukhiya,रौतहट,rautahat,1,"("""" राजु कुमार मुखिया """" OR """" Raju Kumar Mukhiya """") ("""" रौतहट """" OR """" rautahat 1 """") since:2025-09-05"
राजेश कुमार चौधरी,Rajesh Kumar Chaudhary,रौतहट,rautahat,1,"("""" राजेश कुमार चौधरी """" OR """" Rajesh Kumar Chaudhary """") ("""" रौतहट """" OR """" rautahat 1 """") since:2025-09-05"
राधेश्याम साह तेली,Radheshyam Sah Teli,रौतहट,rautahat,1,"("""" राधेश्याम साह तेली """" OR """" Radheshyam Sah Teli """") ("""" रौतहट """" OR """" rautahat 1 """") since:2025-09-05"
राम किशोर ठाकुर,Ram Kishor Thakur,रौतहट,rautahat,1,"("""" राम किशोर ठाकुर """" OR """" Ram Kishor Thakur """") ("""" रौतहट """" OR """" rautahat 1 """") since:2025-09-05"
राम नरेश राय  यादव,Ram Naresh Ray Yadav,रौतहट,rautahat,1,"("""" राम नरेश राय  यादव """" OR """" Ram Naresh Ray Yadav """") ("""" रौतहट """" OR """" rautahat 1 """") since:2025-09-05"
राम सेवक राय,Ram Sewak Ray,रौतहट,rautahat,1,"("""" राम सेवक राय """" OR """" Ram Sewak Ray """") ("""" रौतहट """" OR """" rautahat 1 """") since:2025-09-05"
रामकृत साह,Ramkrit Sah,रौतहट,rautahat,1,"("""" रामकृत साह """" OR """" Ramkrit Sah """") ("""" रौतहट """" OR """" rautahat 1 """") since:2025-09-05"
रामानन्द शर्मा,Ramananda Sharma,रौतहट,rautahat,1,"("""" रामानन्द शर्मा """" OR """" Ramananda Sharma """") ("""" रौतहट """" OR """" rautahat 1 """") since:2025-09-05"
र‌ंजित  कुमार  पटेल,Ranjit Kumar Patel,रौतहट,rautahat,1,"("""" र‌ंजित  कुमार  पटेल """" OR """" Ranjit Kumar Patel """") ("""" रौतहट """" OR """" rautahat 1 """") since:2025-09-05"
लक्ष्‍मेश्‍वर नारायण साह,Lakshmeshwar Narayan Sah,रौतहट,rautahat,1,"("""" लक्ष्‍मेश्‍वर नारायण साह """" OR """" Lakshmeshwar Narayan Sah """") ("""" रौतहट """" OR """" rautahat 1 """") since:2025-09-05"
शम्भु प्रसाद,Shambhu Prasad,रौतहट,rautahat,1,"("""" शम्भु प्रसाद """" OR """" Shambhu Prasad """") ("""" रौतहट """" OR """" rautahat 1 """") since:2025-09-05"
श्याम वावु प्रसाद,Shyam Babu Prasad,रौतहट,rautahat,1,"("""" श्याम वावु प्रसाद """" OR """" Shyam Babu Prasad """") ("""" रौतहट """" OR """" rautahat 1 """") since:2025-09-05"
श्री मदन शाह,Shri Madan Shah,रौतहट,rautahat,1,"("""" श्री मदन शाह """" OR """" Shri Madan Shah """") ("""" रौतहट """" OR """" rautahat 1 """") since:2025-09-05"
संजय कुमार यादव,Sanjay Kumar Yadav,रौतहट,rautahat,1,"("""" संजय कुमार यादव """" OR """" Sanjay Kumar Yadav """") ("""" रौतहट """" OR """" rautahat 1 """") since:2025-09-05"
संजय कुमार यादव,Sanjay Kumar Yadav,रौतहट,rautahat,1,"("""" संजय कुमार यादव """" OR """" Sanjay Kumar Yadav """") ("""" रौतहट """" OR """" rautahat 1 """") since:2025-09-05"
संजीव कुमार यादव,Sanjiv Kumar Yadav,रौतहट,rautahat,1,"("""" संजीव कुमार यादव """" OR """" Sanjiv Kumar Yadav """") ("""" रौतहट """" OR """" rautahat 1 """") since:2025-09-05"
सरोज कुमार कुशवाहा,Saroj Kumar Kushwaha,रौतहट,rautahat,1,"("""" सरोज कुमार कुशवाहा """" OR """" Saroj Kumar Kushwaha """") ("""" रौतहट """" OR """" rautahat 1 """") since:2025-09-05"
सुनिल प्रसाद कुसवाह,Sunil Prasad Kuswah,रौतहट,rautahat,1,"("""" सुनिल प्रसाद कुसवाह """" OR """" Sunil Prasad Kuswah """") ("""" रौतहट """" OR """" rautahat 1 """") since:2025-09-05"
कुसुम देवी थापा,Kusum Devi Thapa,रुकुम (पूर्वी भाग),rukum_east,1,"("""" कुसुम देवी थापा """" OR """" Kusum Devi Thapa """") ("""" रुकुम (पूर्वी भाग) """" OR """" rukum_east 1 """") since:2025-09-05"
चन्द्र प्रसाद शाही,Chandra Prasad Shahi,रुकुम (पूर्वी भाग),rukum_east,1,"("""" चन्द्र प्रसाद शाही """" OR """" Chandra Prasad Shahi """") ("""" रुकुम (पूर्वी भाग) """" OR """" rukum_east 1 """") since:2025-09-05"
जुद्ध बहादुर बुढा मगर,Juddh Bahadur Budha Magar,रुकुम (पूर्वी भाग),rukum_east,1,"("""" जुद्ध बहादुर बुढा मगर """" OR """" Juddh Bahadur Budha Magar """") ("""" रुकुम (पूर्वी भाग) """" OR """" rukum_east 1 """") since:2025-09-05"
ज्योति रोका मगर,Jyoti Roka Magar,रुकुम (पूर्वी भाग),rukum_east,1,"("""" ज्योति रोका मगर """" OR """" Jyoti Roka Magar """") ("""" रुकुम (पूर्वी भाग) """" OR """" rukum_east 1 """") since:2025-09-05"
धर्म कुमार बुढा,Dharm Kumar Budha,रुकुम (पूर्वी भाग),rukum_east,1,"("""" धर्म कुमार बुढा """" OR """" Dharm Kumar Budha """") ("""" रुकुम (पूर्वी भाग) """" OR """" rukum_east 1 """") since:2025-09-05"
पुष्प कमल दाहाल प्रचण्ड,Pushpa Kamal Dahal Prachanda,रुकुम (पूर्वी भाग),rukum_east,1,"("""" पुष्प कमल दाहाल प्रचण्ड """" OR """" Pushpa Kamal Dahal Prachanda """") ("""" रुकुम (पूर्वी भाग) """" OR """" rukum_east 1 """") since:2025-09-05"
रोषण शाह,Roshan Shah,रुकुम (पूर्वी भाग),rukum_east,1,"("""" रोषण शाह """" OR """" Roshan Shah """") ("""" रुकुम (पूर्वी भाग) """" OR """" rukum_east 1 """") since:2025-09-05"
लखन कुमार थापा,Lakhan Kumar Thapa,रुकुम (पूर्वी भाग),rukum_east,1,"("""" लखन कुमार थापा """" OR """" Lakhan Kumar Thapa """") ("""" रुकुम (पूर्वी भाग) """" OR """" rukum_east 1 """") since:2025-09-05"
लिलामणी गौतम,Lilamani Gautam,रुकुम (पूर्वी भाग),rukum_east,1,"("""" लिलामणी गौतम """" OR """" Lilamani Gautam """") ("""" रुकुम (पूर्वी भाग) """" OR """" rukum_east 1 """") since:2025-09-05"
सन्दिप पुन,Sandip Pun,रुकुम (पूर्वी भाग),rukum_east,1,"("""" सन्दिप पुन """" OR """" Sandip Pun """") ("""" रुकुम (पूर्वी भाग) """" OR """" rukum_east 1 """") since:2025-09-05"
सिर बहादुर बुढा,Sir Bahadur Budha,रुकुम (पूर्वी भाग),rukum_east,1,"("""" सिर बहादुर बुढा """" OR """" Sir Bahadur Budha """") ("""" रुकुम (पूर्वी भाग) """" OR """" rukum_east 1 """") since:2025-09-05"
उषा भट्टराई,Usha Bhattarai,रूपन्देही,rupandehi,2,"("""" उषा भट्टराई """" OR """" Usha Bhattarai """") ("""" रूपन्देही """" OR """" rupandehi 2 """") since:2025-09-05"
कमल भुसाल,Kamal Bhusal,रूपन्देही,rupandehi,2,"("""" कमल भुसाल """" OR """" Kamal Bhusal """") ("""" रूपन्देही """" OR """" rupandehi 2 """") since:2025-09-05"
कमला बोहरा,Kamala Bohra,रूपन्देही,rupandehi,2,"("""" कमला बोहरा """" OR """" Kamala Bohra """") ("""" रूपन्देही """" OR """" rupandehi 2 """") since:2025-09-05"
कमला शाह,Kamala Shah,रूपन्देही,rupandehi,2,"("""" कमला शाह """" OR """" Kamala Shah """") ("""" रूपन्देही """" OR """" rupandehi 2 """") since:2025-09-05"
केशव टण्‍डन,Keshav Tandan,रूपन्देही,rupandehi,2,"("""" केशव टण्‍डन """" OR """" Keshav Tandan """") ("""" रूपन्देही """" OR """" rupandehi 2 """") since:2025-09-05"
केशव बहादुर थापा मगर,Keshav Bahadur Thapa Magar,रूपन्देही,rupandehi,2,"("""" केशव बहादुर थापा मगर """" OR """" Keshav Bahadur Thapa Magar """") ("""" रूपन्देही """" OR """" rupandehi 2 """") since:2025-09-05"
गोकुल प्रसाद पाण्डे,Gokul Prasad Pandey,रूपन्देही,rupandehi,2,"("""" गोकुल प्रसाद पाण्डे """" OR """" Gokul Prasad Pandey """") ("""" रूपन्देही """" OR """" rupandehi 2 """") since:2025-09-05"
चन्द्र कुमारी गुरुङ्ग,Chandra Kumari Gurung,रूपन्देही,rupandehi,2,"("""" चन्द्र कुमारी गुरुङ्ग """" OR """" Chandra Kumari Gurung """") ("""" रूपन्देही """" OR """" rupandehi 2 """") since:2025-09-05"
चुन्‍न प्रसाद शर्मा,Chunna Prasad Sharma,रूपन्देही,rupandehi,2,"("""" चुन्‍न प्रसाद शर्मा """" OR """" Chunna Prasad Sharma """") ("""" रूपन्देही """" OR """" rupandehi 2 """") since:2025-09-05"
टिका बहादुर क्षेत्री,Tika Bahadur Chhetri,रूपन्देही,rupandehi,2,"("""" टिका बहादुर क्षेत्री """" OR """" Tika Bahadur Chhetri """") ("""" रूपन्देही """" OR """" rupandehi 2 """") since:2025-09-05"
थम्मन बहादुर बुढा मगर,Thamman Bahadur Budha Magar,रूपन्देही,rupandehi,2,"("""" थम्मन बहादुर बुढा मगर """" OR """" Thamman Bahadur Budha Magar """") ("""" रूपन्देही """" OR """" rupandehi 2 """") since:2025-09-05"
दिलीप कुमार सुनार,Dilip Kumar Sunar,रूपन्देही,rupandehi,2,"("""" दिलीप कुमार सुनार """" OR """" Dilip Kumar Sunar """") ("""" रूपन्देही """" OR """" rupandehi 2 """") since:2025-09-05"
दीपक गुरुङ्ग,Deepak Gurung,रूपन्देही,rupandehi,2,"("""" दीपक गुरुङ्ग """" OR """" Deepak Gurung """") ("""" रूपन्देही """" OR """" rupandehi 2 """") since:2025-09-05"
देवेन्द्र बहादुर खत्री,Devendra Bahadur Khatri,रूपन्देही,rupandehi,2,"("""" देवेन्द्र बहादुर खत्री """" OR """" Devendra Bahadur Khatri """") ("""" रूपन्देही """" OR """" rupandehi 2 """") since:2025-09-05"
नारायण प्रसाद नागिला,Narayan Prasad Nagila,रूपन्देही,rupandehi,2,"("""" नारायण प्रसाद नागिला """" OR """" Narayan Prasad Nagila """") ("""" रूपन्देही """" OR """" rupandehi 2 """") since:2025-09-05"
बाल कृष्ण ज्ञवाली,Bal Krishna Gyawali,रूपन्देही,rupandehi,2,"("""" बाल कृष्ण ज्ञवाली """" OR """" Bal Krishna Gyawali """") ("""" रूपन्देही """" OR """" rupandehi 2 """") since:2025-09-05"
बेल बहादुर कार्की,Bel Bahadur Karki,रूपन्देही,rupandehi,2,"("""" बेल बहादुर कार्की """" OR """" Bel Bahadur Karki """") ("""" रूपन्देही """" OR """" rupandehi 2 """") since:2025-09-05"
भानुभक्त भण्डारी,Bhanubhakta Bhandari,रूपन्देही,rupandehi,2,"("""" भानुभक्त भण्डारी """" OR """" Bhanubhakta Bhandari """") ("""" रूपन्देही """" OR """" rupandehi 2 """") since:2025-09-05"
भिम बहादुर गौतम,Bhim Bahadur Gautam,रूपन्देही,rupandehi,2,"("""" भिम बहादुर गौतम """" OR """" Bhim Bahadur Gautam """") ("""" रूपन्देही """" OR """" rupandehi 2 """") since:2025-09-05"
मधुसुदन पन्थी,Madhusudan Panthi,रूपन्देही,rupandehi,2,"("""" मधुसुदन पन्थी """" OR """" Madhusudan Panthi """") ("""" रूपन्देही """" OR """" rupandehi 2 """") since:2025-09-05"
रमेश लोध,Ramesh Lodh,रूपन्देही,rupandehi,2,"("""" रमेश लोध """" OR """" Ramesh Lodh """") ("""" रूपन्देही """" OR """" rupandehi 2 """") since:2025-09-05"
राज कुमार भट्टराई,Raj Kumar Bhattarai,रूपन्देही,rupandehi,2,"("""" राज कुमार भट्टराई """" OR """" Raj Kumar Bhattarai """") ("""" रूपन्देही """" OR """" rupandehi 2 """") since:2025-09-05"
राजु पौडेल,Raju Paudel,रूपन्देही,rupandehi,2,"("""" राजु पौडेल """" OR """" Raju Paudel """") ("""" रूपन्देही """" OR """" rupandehi 2 """") since:2025-09-05"
रुक बहादुर पराजुली,Ruk Bahadur Parajuli,रूपन्देही,rupandehi,2,"("""" रुक बहादुर पराजुली """" OR """" Ruk Bahadur Parajuli """") ("""" रूपन्देही """" OR """" rupandehi 2 """") since:2025-09-05"
रोशिना ब्यान्जु,Roshina Byanju,रूपन्देही,rupandehi,2,"("""" रोशिना ब्यान्जु """" OR """" Roshina Byanju """") ("""" रूपन्देही """" OR """" rupandehi 2 """") since:2025-09-05"
लिला सिंह राना,Lila Singh Rana,रूपन्देही,rupandehi,2,"("""" लिला सिंह राना """" OR """" Lila Singh Rana """") ("""" रूपन्देही """" OR """" rupandehi 2 """") since:2025-09-05"
विमला भट्टराई,Vimala Bhattarai,रूपन्देही,rupandehi,2,"("""" विमला भट्टराई """" OR """" Vimala Bhattarai """") ("""" रूपन्देही """" OR """" rupandehi 2 """") since:2025-09-05"
विरेन्द्र वि.क,Virendra B.K.,रूपन्देही,rupandehi,2,"("""" विरेन्द्र वि.क """" OR """" Virendra B.K. """") ("""" रूपन्देही """" OR """" rupandehi 2 """") since:2025-09-05"
विष्णु प्रसाद वस्याल,Vishnu Prasad Basyal,रूपन्देही,rupandehi,2,"("""" विष्णु प्रसाद वस्याल """" OR """" Vishnu Prasad Basyal """") ("""" रूपन्देही """" OR """" rupandehi 2 """") since:2025-09-05"
विष्‍णु प्रसाद पौडेल,Vishnu Prasad Paudel,रूपन्देही,rupandehi,2,"("""" विष्‍णु प्रसाद पौडेल """" OR """" Vishnu Prasad Paudel """") ("""" रूपन्देही """" OR """" rupandehi 2 """") since:2025-09-05"
शन्जेश कुमार थापा,Shanjesh Kumar Thapa,रूपन्देही,rupandehi,2,"("""" शन्जेश कुमार थापा """" OR """" Shanjesh Kumar Thapa """") ("""" रूपन्देही """" OR """" rupandehi 2 """") since:2025-09-05"
शिव प्रिथी दमाई,Shiv Prithi Damai,रूपन्देही,rupandehi,2,"("""" शिव प्रिथी दमाई """" OR """" Shiv Prithi Damai """") ("""" रूपन्देही """" OR """" rupandehi 2 """") since:2025-09-05"
शुभाष पाण्डे,Shubhash Pandey,रूपन्देही,rupandehi,2,"("""" शुभाष पाण्डे """" OR """" Shubhash Pandey """") ("""" रूपन्देही """" OR """" rupandehi 2 """") since:2025-09-05"
शुशिला पुलामी,Shushila Pulami,रूपन्देही,rupandehi,2,"("""" शुशिला पुलामी """" OR """" Shushila Pulami """") ("""" रूपन्देही """" OR """" rupandehi 2 """") since:2025-09-05"
सन्दिप पौडेल,Sandip Paudel,रूपन्देही,rupandehi,2,"("""" सन्दिप पौडेल """" OR """" Sandip Paudel """") ("""" रूपन्देही """" OR """" rupandehi 2 """") since:2025-09-05"
सिता कुवंर,Sita Kunwar,रूपन्देही,rupandehi,2,"("""" सिता कुवंर """" OR """" Sita Kunwar """") ("""" रूपन्देही """" OR """" rupandehi 2 """") since:2025-09-05"
सिता साहि,Sita Sahi,रूपन्देही,rupandehi,2,"("""" सिता साहि """" OR """" Sita Sahi """") ("""" रूपन्देही """" OR """" rupandehi 2 """") since:2025-09-05"
सुरज पाण्‍डे,Suraj Pandey,रूपन्देही,rupandehi,2,"("""" सुरज पाण्‍डे """" OR """" Suraj Pandey """") ("""" रूपन्देही """" OR """" rupandehi 2 """") since:2025-09-05"
सुलभ खरेल,Sulabh Kharel,रूपन्देही,rupandehi,2,"("""" सुलभ खरेल """" OR """" Sulabh Kharel """") ("""" रूपन्देही """" OR """" rupandehi 2 """") since:2025-09-05"
अजय  कुमार  दास ,Ajay Kumar Das,सप्तरी,saptari,2,"("""" अजय  कुमार  दास  """" OR """" Ajay Kumar Das """") ("""" सप्तरी """" OR """" saptari 2 """") since:2025-09-05"
अनिश अंसारी,Anish Ansari,सप्तरी,saptari,2,"("""" अनिश अंसारी """" OR """" Anish Ansari """") ("""" सप्तरी """" OR """" saptari 2 """") since:2025-09-05"
अफरोज आलम,Afroz Alam,सप्तरी,saptari,2,"("""" अफरोज आलम """" OR """" Afroz Alam """") ("""" सप्तरी """" OR """" saptari 2 """") since:2025-09-05"
अभिनाष कुमार सिंह,Abhinash Kumar Singh,सप्तरी,saptari,2,"("""" अभिनाष कुमार सिंह """" OR """" Abhinash Kumar Singh """") ("""" सप्तरी """" OR """" saptari 2 """") since:2025-09-05"
अम्‍विका देवी साफी,Ambika Devi Safi,सप्तरी,saptari,2,"("""" अम्‍विका देवी साफी """" OR """" Ambika Devi Safi """") ("""" सप्तरी """" OR """" saptari 2 """") since:2025-09-05"
इन्द्रसागर गुप्‍ता,Indrasagar Gupta,सप्तरी,saptari,2,"("""" इन्द्रसागर गुप्‍ता """" OR """" Indrasagar Gupta """") ("""" सप्तरी """" OR """" saptari 2 """") since:2025-09-05"
उमेश कुमार यादव,Umesh Kumar Yadav,सप्तरी,saptari,2,"("""" उमेश कुमार यादव """" OR """" Umesh Kumar Yadav """") ("""" सप्तरी """" OR """" saptari 2 """") since:2025-09-05"
किसुनदेव राम,Kisundev Ram,सप्तरी,saptari,2,"("""" किसुनदेव राम """" OR """" Kisundev Ram """") ("""" सप्तरी """" OR """" saptari 2 """") since:2025-09-05"
चन्द्र कान्त राउत,Chandra Kant Raut,सप्तरी,saptari,2,"("""" चन्द्र कान्त राउत """" OR """" Chandra Kant Raut """") ("""" सप्तरी """" OR """" saptari 2 """") since:2025-09-05"
जितेन्द्र कुमार यादव,Jitendra Kumar Yadav,सप्तरी,saptari,2,"("""" जितेन्द्र कुमार यादव """" OR """" Jitendra Kumar Yadav """") ("""" सप्तरी """" OR """" saptari 2 """") since:2025-09-05"
त्रिभुवन खंग,Tribhuvan Khang,सप्तरी,saptari,2,"("""" त्रिभुवन खंग """" OR """" Tribhuvan Khang """") ("""" सप्तरी """" OR """" saptari 2 """") since:2025-09-05"
दिपक कुमार मंडल,Deepak Kumar Mandal,सप्तरी,saptari,2,"("""" दिपक कुमार मंडल """" OR """" Deepak Kumar Mandal """") ("""" सप्तरी """" OR """" saptari 2 """") since:2025-09-05"
दिपक चौधरी,Deepak Chaudhary,सप्तरी,saptari,2,"("""" दिपक चौधरी """" OR """" Deepak Chaudhary """") ("""" सप्तरी """" OR """" saptari 2 """") since:2025-09-05"
निलम कुमारी यादव,Nilam Kumari Yadav,सप्तरी,saptari,2,"("""" निलम कुमारी यादव """" OR """" Nilam Kumari Yadav """") ("""" सप्तरी """" OR """" saptari 2 """") since:2025-09-05"
पारशमणि यादव,Parshamani Yadav,सप्तरी,saptari,2,"("""" पारशमणि यादव """" OR """" Parshamani Yadav """") ("""" सप्तरी """" OR """" saptari 2 """") since:2025-09-05"
प्रेम कुमार यादव,Prem Kumar Yadav,सप्तरी,saptari,2,"("""" प्रेम कुमार यादव """" OR """" Prem Kumar Yadav """") ("""" सप्तरी """" OR """" saptari 2 """") since:2025-09-05"
मोहम्मद जियाउल रहमान,Mohammad Ziaul Rahman,सप्तरी,saptari,2,"("""" मोहम्मद जियाउल रहमान """" OR """" Mohammad Ziaul Rahman """") ("""" सप्तरी """" OR """" saptari 2 """") since:2025-09-05"
रन्जु कुमारी झा (ठाकुर),Ranju Kumari Jha (Thakur),सप्तरी,saptari,2,"("""" रन्जु कुमारी झा (ठाकुर) """" OR """" Ranju Kumari Jha (Thakur) """") ("""" सप्तरी """" OR """" saptari 2 """") since:2025-09-05"
राज कुमार मण्डल,Raj Kumar Mandal,सप्तरी,saptari,2,"("""" राज कुमार मण्डल """" OR """" Raj Kumar Mandal """") ("""" सप्तरी """" OR """" saptari 2 """") since:2025-09-05"
राम कुमार यादव,Ram Kumar Yadav,सप्तरी,saptari,2,"("""" राम कुमार यादव """" OR """" Ram Kumar Yadav """") ("""" सप्तरी """" OR """" saptari 2 """") since:2025-09-05"
राम बिलास ठाकुर,Ram Bilas Thakur,सप्तरी,saptari,2,"("""" राम बिलास ठाकुर """" OR """" Ram Bilas Thakur """") ("""" सप्तरी """" OR """" saptari 2 """") since:2025-09-05"
रामजी यादव,Ramji Yadav,सप्तरी,saptari,2,"("""" रामजी यादव """" OR """" Ramji Yadav """") ("""" सप्तरी """" OR """" saptari 2 """") since:2025-09-05"
वलराम प्रसाद यादव,Balram Prasad Yadav,सप्तरी,saptari,2,"("""" वलराम प्रसाद यादव """" OR """" Balram Prasad Yadav """") ("""" सप्तरी """" OR """" saptari 2 """") since:2025-09-05"
विनोदानन्द झा,Vinodananda Jha,सप्तरी,saptari,2,"("""" विनोदानन्द झा """" OR """" Vinodananda Jha """") ("""" सप्तरी """" OR """" saptari 2 """") since:2025-09-05"
विन्दु कुमारी चौधरी,Vindu Kumari Chaudhary,सप्तरी,saptari,2,"("""" विन्दु कुमारी चौधरी """" OR """" Vindu Kumari Chaudhary """") ("""" सप्तरी """" OR """" saptari 2 """") since:2025-09-05"
विशेश्‍वर यादव,Visheshwar Yadav,सप्तरी,saptari,2,"("""" विशेश्‍वर यादव """" OR """" Visheshwar Yadav """") ("""" सप्तरी """" OR """" saptari 2 """") since:2025-09-05"
शरद सिंह यादव,Sharad Singh Yadav,सप्तरी,saptari,2,"("""" शरद सिंह यादव """" OR """" Sharad Singh Yadav """") ("""" सप्तरी """" OR """" saptari 2 """") since:2025-09-05"
संजय कुमार चौधरी,Sanjay Kumar Chaudhary,सप्तरी,saptari,2,"("""" संजय कुमार चौधरी """" OR """" Sanjay Kumar Chaudhary """") ("""" सप्तरी """" OR """" saptari 2 """") since:2025-09-05"
सतिश कुमार सिंह,Satish Kumar Singh,सप्तरी,saptari,2,"("""" सतिश कुमार सिंह """" OR """" Satish Kumar Singh """") ("""" सप्तरी """" OR """" saptari 2 """") since:2025-09-05"
सन्तोष कुमार रजक,Santosh Kumar Rajak,सप्तरी,saptari,2,"("""" सन्तोष कुमार रजक """" OR """" Santosh Kumar Rajak """") ("""" सप्तरी """" OR """" saptari 2 """") since:2025-09-05"
साधना  दास ,Sadhna Das,सप्तरी,saptari,2,"("""" साधना  दास  """" OR """" Sadhna Das """") ("""" सप्तरी """" OR """" saptari 2 """") since:2025-09-05"
सुनिल राज दास,Sunil Raj Das,सप्तरी,saptari,2,"("""" सुनिल राज दास """" OR """" Sunil Raj Das """") ("""" सप्तरी """" OR """" saptari 2 """") since:2025-09-05"
सुर्यनाथ प्रसाद यादव,Suryanath Prasad Yadav,सप्तरी,saptari,2,"("""" सुर्यनाथ प्रसाद यादव """" OR """" Suryanath Prasad Yadav """") ("""" सप्तरी """" OR """" saptari 2 """") since:2025-09-05"
सुशीला कुमारी साह,Sushila Kumari Sah,सप्तरी,saptari,2,"("""" सुशीला कुमारी साह """" OR """" Sushila Kumari Sah """") ("""" सप्तरी """" OR """" saptari 2 """") since:2025-09-05"
अजय ओझा,Ajay Ojha,सर्लाही,sarlahi,4,"("""" अजय ओझा """" OR """" Ajay Ojha """") ("""" सर्लाही """" OR """" sarlahi 4 """") since:2025-09-05"
अमनिश कुमार यादव,Amnish Kumar Yadav,सर्लाही,sarlahi,4,"("""" अमनिश कुमार यादव """" OR """" Amnish Kumar Yadav """") ("""" सर्लाही """" OR """" sarlahi 4 """") since:2025-09-05"
अमरेश कुमार सिह,Amresh Kumar Sih,सर्लाही,sarlahi,4,"("""" अमरेश कुमार सिह """" OR """" Amresh Kumar Sih """") ("""" सर्लाही """" OR """" sarlahi 4 """") since:2025-09-05"
अमित रंजन सिंह,Amit Ranjan Singh,सर्लाही,sarlahi,4,"("""" अमित रंजन सिंह """" OR """" Amit Ranjan Singh """") ("""" सर्लाही """" OR """" sarlahi 4 """") since:2025-09-05"
अम्बुज प्रसाद साह,Ambuj Prasad Sah,सर्लाही,sarlahi,4,"("""" अम्बुज प्रसाद साह """" OR """" Ambuj Prasad Sah """") ("""" सर्लाही """" OR """" sarlahi 4 """") since:2025-09-05"
अरविन्द कुमार ठाकुर,Arvind Kumar Thakur,सर्लाही,sarlahi,4,"("""" अरविन्द कुमार ठाकुर """" OR """" Arvind Kumar Thakur """") ("""" सर्लाही """" OR """" sarlahi 4 """") since:2025-09-05"
उदय कान्‍त मिश्र,Uday Kant Mishra,सर्लाही,sarlahi,4,"("""" उदय कान्‍त मिश्र """" OR """" Uday Kant Mishra """") ("""" सर्लाही """" OR """" sarlahi 4 """") since:2025-09-05"
कमलेश मण्डल,Kamlesh Mandal,सर्लाही,sarlahi,4,"("""" कमलेश मण्डल """" OR """" Kamlesh Mandal """") ("""" सर्लाही """" OR """" sarlahi 4 """") since:2025-09-05"
गगन कुमार थापा,Gagan Kumar Thapa,सर्लाही,sarlahi,4,"("""" गगन कुमार थापा """" OR """" Gagan Kumar Thapa """") ("""" सर्लाही """" OR """" sarlahi 4 """") since:2025-09-05"
गनेश प्रसाद सिंह,Ganesh Prasad Singh,सर्लाही,sarlahi,4,"("""" गनेश प्रसाद सिंह """" OR """" Ganesh Prasad Singh """") ("""" सर्लाही """" OR """" sarlahi 4 """") since:2025-09-05"
चुन चुन भण्डारी,Chun Chun Bhandari,सर्लाही,sarlahi,4,"("""" चुन चुन भण्डारी """" OR """" Chun Chun Bhandari """") ("""" सर्लाही """" OR """" sarlahi 4 """") since:2025-09-05"
छोटेलाल कुमार यादव,Chhotelal Kumar Yadav,सर्लाही,sarlahi,4,"("""" छोटेलाल कुमार यादव """" OR """" Chhotelal Kumar Yadav """") ("""" सर्लाही """" OR """" sarlahi 4 """") since:2025-09-05"
जय शंकर सिंह कुशवाहा,Jay Shankar Singh Kushwaha,सर्लाही,sarlahi,4,"("""" जय शंकर सिंह कुशवाहा """" OR """" Jay Shankar Singh Kushwaha """") ("""" सर्लाही """" OR """" sarlahi 4 """") since:2025-09-05"
ज्ञानेन्द्र प्रसाद कुशवाहा,Gyanendra Prasad Kushwaha,सर्लाही,sarlahi,4,"("""" ज्ञानेन्द्र प्रसाद कुशवाहा """" OR """" Gyanendra Prasad Kushwaha """") ("""" सर्लाही """" OR """" sarlahi 4 """") since:2025-09-05"
धिरज ठाकुर,Dhiraj Thakur,सर्लाही,sarlahi,4,"("""" धिरज ठाकुर """" OR """" Dhiraj Thakur """") ("""" सर्लाही """" OR """" sarlahi 4 """") since:2025-09-05"
नरेन्द्र प्रसाद सिंह,Narendra Prasad Singh,सर्लाही,sarlahi,4,"("""" नरेन्द्र प्रसाद सिंह """" OR """" Narendra Prasad Singh """") ("""" सर्लाही """" OR """" sarlahi 4 """") since:2025-09-05"
निलेश कुमार यादव,Nilesh Kumar Yadav,सर्लाही,sarlahi,4,"("""" निलेश कुमार यादव """" OR """" Nilesh Kumar Yadav """") ("""" सर्लाही """" OR """" sarlahi 4 """") since:2025-09-05"
पीताम्वर सिंह कुशवाहा,Pitambar Singh Kushwaha,सर्लाही,sarlahi,4,"("""" पीताम्वर सिंह कुशवाहा """" OR """" Pitambar Singh Kushwaha """") ("""" सर्लाही """" OR """" sarlahi 4 """") since:2025-09-05"
प्रदीप कुमार झा,Pradip Kumar Jha,सर्लाही,sarlahi,4,"("""" प्रदीप कुमार झा """" OR """" Pradip Kumar Jha """") ("""" सर्लाही """" OR """" sarlahi 4 """") since:2025-09-05"
मधुमाला कुमारी यादव,Madhumala Kumari Yadav,सर्लाही,sarlahi,4,"("""" मधुमाला कुमारी यादव """" OR """" Madhumala Kumari Yadav """") ("""" सर्लाही """" OR """" sarlahi 4 """") since:2025-09-05"
महेश मंडल धानुक,Mahesh Mandal Dhanuk,सर्लाही,sarlahi,4,"("""" महेश मंडल धानुक """" OR """" Mahesh Mandal Dhanuk """") ("""" सर्लाही """" OR """" sarlahi 4 """") since:2025-09-05"
मुकेश प्रसाद कुशवाहा,Mukesh Prasad Kushwaha,सर्लाही,sarlahi,4,"("""" मुकेश प्रसाद कुशवाहा """" OR """" Mukesh Prasad Kushwaha """") ("""" सर्लाही """" OR """" sarlahi 4 """") since:2025-09-05"
रजनिस राय,Rajnis Ray,सर्लाही,sarlahi,4,"("""" रजनिस राय """" OR """" Rajnis Ray """") ("""" सर्लाही """" OR """" sarlahi 4 """") since:2025-09-05"
रमण मिश्र,Raman Mishra,सर्लाही,sarlahi,4,"("""" रमण मिश्र """" OR """" Raman Mishra """") ("""" सर्लाही """" OR """" sarlahi 4 """") since:2025-09-05"
राकेश कुमार मिश्र,Rakesh Kumar Mishra,सर्लाही,sarlahi,4,"("""" राकेश कुमार मिश्र """" OR """" Rakesh Kumar Mishra """") ("""" सर्लाही """" OR """" sarlahi 4 """") since:2025-09-05"
राम प्रवेश यादव,Ram Pravesh Yadav,सर्लाही,sarlahi,4,"("""" राम प्रवेश यादव """" OR """" Ram Pravesh Yadav """") ("""" सर्लाही """" OR """" sarlahi 4 """") since:2025-09-05"
रामचरित्र सहनी,Ramcharitra Sahani,सर्लाही,sarlahi,4,"("""" रामचरित्र सहनी """" OR """" Ramcharitra Sahani """") ("""" सर्लाही """" OR """" sarlahi 4 """") since:2025-09-05"
रामनाथ  प्रसाद  साह ,Ramnath Prasad Sah,सर्लाही,sarlahi,4,"("""" रामनाथ  प्रसाद  साह  """" OR """" Ramnath Prasad Sah """") ("""" सर्लाही """" OR """" sarlahi 4 """") since:2025-09-05"
रामेश्‍वर राय यादव,Rameshwar Ray Yadav,सर्लाही,sarlahi,4,"("""" रामेश्‍वर राय यादव """" OR """" Rameshwar Ray Yadav """") ("""" सर्लाही """" OR """" sarlahi 4 """") since:2025-09-05"
रिंकी कुमारी साह,Rinki Kumari Sah,सर्लाही,sarlahi,4,"("""" रिंकी कुमारी साह """" OR """" Rinki Kumari Sah """") ("""" सर्लाही """" OR """" sarlahi 4 """") since:2025-09-05"
लखेन्द्र महतो,Lakhendra Mahato,सर्लाही,sarlahi,4,"("""" लखेन्द्र महतो """" OR """" Lakhendra Mahato """") ("""" सर्लाही """" OR """" sarlahi 4 """") since:2025-09-05"
विक्रम यादव,Vikram Yadav,सर्लाही,sarlahi,4,"("""" विक्रम यादव """" OR """" Vikram Yadav """") ("""" सर्लाही """" OR """" sarlahi 4 """") since:2025-09-05"
शिव प्रसाद साह,Shiv Prasad Sah,सर्लाही,sarlahi,4,"("""" शिव प्रसाद साह """" OR """" Shiv Prasad Sah """") ("""" सर्लाही """" OR """" sarlahi 4 """") since:2025-09-05"
शुलपानी झा,Shulpani Jha,सर्लाही,sarlahi,4,"("""" शुलपानी झा """" OR """" Shulpani Jha """") ("""" सर्लाही """" OR """" sarlahi 4 """") since:2025-09-05"
संजिव कुमार पासवान,Sanjiv Kumar Paswan,सर्लाही,sarlahi,4,"("""" संजिव कुमार पासवान """" OR """" Sanjiv Kumar Paswan """") ("""" सर्लाही """" OR """" sarlahi 4 """") since:2025-09-05"
संतोष कुमार निषाद,Santosh Kumar Nishad,सर्लाही,sarlahi,4,"("""" संतोष कुमार निषाद """" OR """" Santosh Kumar Nishad """") ("""" सर्लाही """" OR """" sarlahi 4 """") since:2025-09-05"
सचित्र सहनी,Sachitra Sahani,सर्लाही,sarlahi,4,"("""" सचित्र सहनी """" OR """" Sachitra Sahani """") ("""" सर्लाही """" OR """" sarlahi 4 """") since:2025-09-05"
हरिनन्दन कुमार रंजन,Harinandan Kumar Ranjan,सर्लाही,sarlahi,4,"("""" हरिनन्दन कुमार रंजन """" OR """" Harinandan Kumar Ranjan """") ("""" सर्लाही """" OR """" sarlahi 4 """") since:2025-09-05"
ओम विक्रम पन्त,Om Vikram Pant,तनहुँ,tanahu,1,"("""" ओम विक्रम पन्त """" OR """" Om Vikram Pant """") ("""" तनहुँ """" OR """" tanahu 1 """") since:2025-09-05"
काशीराम गुरुङ,Kashiram Gurung,तनहुँ,tanahu,1,"("""" काशीराम गुरुङ """" OR """" Kashiram Gurung """") ("""" तनहुँ """" OR """" tanahu 1 """") since:2025-09-05"
गोविन्द भट्टराई,Govind Bhattarai,तनहुँ,tanahu,1,"("""" गोविन्द भट्टराई """" OR """" Govind Bhattarai """") ("""" तनहुँ """" OR """" tanahu 1 """") since:2025-09-05"
चिजा माया अधिकारी,Chija Maya Adhikari,तनहुँ,tanahu,1,"("""" चिजा माया अधिकारी """" OR """" Chija Maya Adhikari """") ("""" तनहुँ """" OR """" tanahu 1 """") since:2025-09-05"
दिपक राज जोशी,Deepak Raj Joshi,तनहुँ,tanahu,1,"("""" दिपक राज जोशी """" OR """" Deepak Raj Joshi """") ("""" तनहुँ """" OR """" tanahu 1 """") since:2025-09-05"
प्रेम बहादुर थापा,Prem Bahadur Thapa,तनहुँ,tanahu,1,"("""" प्रेम बहादुर थापा """" OR """" Prem Bahadur Thapa """") ("""" तनहुँ """" OR """" tanahu 1 """") since:2025-09-05"
भगवती न्यौपाने,Bhagwati Nyaupane,तनहुँ,tanahu,1,"("""" भगवती न्यौपाने """" OR """" Bhagwati Nyaupane """") ("""" तनहुँ """" OR """" tanahu 1 """") since:2025-09-05"
मन्‍जिल राना,Manjil Rana,तनहुँ,tanahu,1,"("""" मन्‍जिल राना """" OR """" Manjil Rana """") ("""" तनहुँ """" OR """" tanahu 1 """") since:2025-09-05"
याम बहादुर आले,Yam Bahadur Ale,तनहुँ,tanahu,1,"("""" याम बहादुर आले """" OR """" Yam Bahadur Ale """") ("""" तनहुँ """" OR """" tanahu 1 """") since:2025-09-05"
राम लक्ष्मी दुवाल,Ram Lakshmi Duwal,तनहुँ,tanahu,1,"("""" राम लक्ष्मी दुवाल """" OR """" Ram Lakshmi Duwal """") ("""" तनहुँ """" OR """" tanahu 1 """") since:2025-09-05"
रामदत्त जोशी,Ramdatta Joshi,तनहुँ,tanahu,1,"("""" रामदत्त जोशी """" OR """" Ramdatta Joshi """") ("""" तनहुँ """" OR """" tanahu 1 """") since:2025-09-05"
लेख नाथ खनाल,Lekh Nath Khanal,तनहुँ,tanahu,1,"("""" लेख नाथ खनाल """" OR """" Lekh Nath Khanal """") ("""" तनहुँ """" OR """" tanahu 1 """") since:2025-09-05"
विद्या नाथ ढकाल,Vidya Nath Dhakal,तनहुँ,tanahu,1,"("""" विद्या नाथ ढकाल """" OR """" Vidya Nath Dhakal """") ("""" तनहुँ """" OR """" tanahu 1 """") since:2025-09-05"
सन्देश रानाभाट लौडारी,Sandesh Ranabhat Laudari,तनहुँ,tanahu,1,"("""" सन्देश रानाभाट लौडारी """" OR """" Sandesh Ranabhat Laudari """") ("""" तनहुँ """" OR """" tanahu 1 """") since:2025-09-05"
सुमन थापा मगर,Suman Thapa Magar,तनहुँ,tanahu,1,"("""" सुमन थापा मगर """" OR """" Suman Thapa Magar """") ("""" तनहुँ """" OR """" tanahu 1 """") since:2025-09-05"
स्वर्णिम वाग्ले,Swarnim Wagle,तनहुँ,tanahu,1,"("""" स्वर्णिम वाग्ले """" OR """" Swarnim Wagle """") ("""" तनहुँ """" OR """" tanahu 1 """") since:2025-09-05"
सोम प्रसाद मिश्र,Som Prasad Mishra,भक्तपुर,bhaktapur,1,"("""" सोम प्रसाद मिश्र """" OR """" Som Prasad Mishra """") ("""" भक्तपुर """" OR """" bhaktapur 1 """") since:2025-09-05"
किरण न्यौपाने,Kiran Neupane,भक्तपुर,bhaktapur,1,"("""" किरण न्यौपाने """" OR """" Kiran Neupane """") ("""" भक्तपुर """" OR """" bhaktapur 1 """") since:2025-09-05"
हरि राम लवजू,Hari Ram Lawaju,भक्तपुर,bhaktapur,1,"("""" हरि राम लवजू """" OR """" Hari Ram Lawaju """") ("""" भक्तपुर """" OR """" bhaktapur 1 """") since:2025-09-05"
रुकेश रन्जित,Rukesh Ranjit,भक्तपुर,bhaktapur,1,"("""" रुकेश रन्जित """" OR """" Rukesh Ranjit """") ("""" भक्तपुर """" OR """" bhaktapur 1 """") since:2025-09-05"
भरत बहादुर खड्का,Bharat Bahadur Khadka,भक्तपुर,bhaktapur,1,"("""" भरत बहादुर खड्का """" OR """" Bharat Bahadur Khadka """") ("""" भक्तपुर """" OR """" bhaktapur 1 """") since:2025-09-05"
श्याम सुन्दर शिल्पकार,Shyam Sundar Shilpakar,भक्तपुर,bhaktapur,1,"("""" श्याम सुन्दर शिल्पकार """" OR """" Shyam Sundar Shilpakar """") ("""" भक्तपुर """" OR """" bhaktapur 1 """") since:2025-09-05"
प्रेम सुवाल,Prem Suwal,भक्तपुर,bhaktapur,1,"("""" प्रेम सुवाल """" OR """" Prem Suwal """") ("""" भक्तपुर """" OR """" bhaktapur 1 """") since:2025-09-05"
इश्‍वरी प्रसाद पैयानी,Ishwori Prasad Paiyani,भक्तपुर,bhaktapur,1,"("""" इश्‍वरी प्रसाद पैयानी """" OR """" Ishwori Prasad Paiyani """") ("""" भक्तपुर """" OR """" bhaktapur 1 """") since:2025-09-05"
रबि खाइजु,Rabi Khaiju,भक्तपुर,bhaktapur,1,"("""" रबि खाइजु """" OR """" Rabi Khaiju """") ("""" भक्तपुर """" OR """" bhaktapur 1 """") since:2025-09-05"
दामोदर काफ्ले,Damodar Kaphle,भक्तपुर,bhaktapur,1,"("""" दामोदर काफ्ले """" OR """" Damodar Kaphle """") ("""" भक्तपुर """" OR """" bhaktapur 1 """") since:2025-09-05"
दिपक कुमार पोखरेल,Deepak Kumar Pokharel,भक्तपुर,bhaktapur,1,"("""" दिपक कुमार पोखरेल """" OR """" Deepak Kumar Pokharel """") ("""" भक्तपुर """" OR """" bhaktapur 1 """") since:2025-09-05"
बिष्णु हरि न्हिसुतु,Bishnu Hari Nhisutu,भक्तपुर,bhaktapur,1,"("""" बिष्णु हरि न्हिसुतु """" OR """" Bishnu Hari Nhisutu """") ("""" भक्तपुर """" OR """" bhaktapur 1 """") since:2025-09-05"
सावित्री न्यौपाने,Savitri Neupane,भक्तपुर,bhaktapur,1,"("""" सावित्री न्यौपाने """" OR """" Savitri Neupane """") ("""" भक्तपुर """" OR """" bhaktapur 1 """") since:2025-09-05"
चन्द्र मान कोजू,Chandra Man Koju,भक्तपुर,bhaktapur,1,"("""" चन्द्र मान कोजू """" OR """" Chandra Man Koju """") ("""" भक्तपुर """" OR """" bhaktapur 1 """") since:2025-09-05"
रमेश बल्ल,Ramesh Balla,भक्तपुर,bhaktapur,1,"("""" रमेश बल्ल """" OR """" Ramesh Balla """") ("""" भक्तपुर """" OR """" bhaktapur 1 """") since:2025-09-05"
देबेन्द्र ठाकुर,Devendra Thakur,भक्तपुर,bhaktapur,1,"("""" देबेन्द्र ठाकुर """" OR """" Devendra Thakur """") ("""" भक्तपुर """" OR """" bhaktapur 1 """") since:2025-09-05"
दशरथ थापा,Dashrath Thapa,भक्तपुर,bhaktapur,1,"("""" दशरथ थापा """" OR """" Dashrath Thapa """") ("""" भक्तपुर """" OR """" bhaktapur 1 """") since:2025-09-05"
पुन्य राम सुवाल,Punya Ram Suwal,भक्तपुर,bhaktapur,1,"("""" पुन्य राम सुवाल """" OR """" Punya Ram Suwal """") ("""" भक्तपुर """" OR """" bhaktapur 1 """") since:2025-09-05"
बाल कृष्ण खाइतु,Bal Krishna Khaitu,भक्तपुर,bhaktapur,1,"("""" बाल कृष्ण खाइतु """" OR """" Bal Krishna Khaitu """") ("""" भक्तपुर """" OR """" bhaktapur 1 """") since:2025-09-05"
राजु श्रेष्ठ,Raju Shrestha,भक्तपुर,bhaktapur,1,"("""" राजु श्रेष्ठ """" OR """" Raju Shrestha """") ("""" भक्तपुर """" OR """" bhaktapur 1 """") since:2025-09-05"
राजेश्वरी प्रजापती,Rajeshwori Prajapati,भक्तपुर,bhaktapur,1,"("""" राजेश्वरी प्रजापती """" OR """" Rajeshwori Prajapati """") ("""" भक्तपुर """" OR """" bhaktapur 1 """") since:2025-09-05"
विष्‍णु राम दुमरु,Bishnu Ram Dumaru,भक्तपुर,bhaktapur,1,"("""" विष्‍णु राम दुमरु """" OR """" Bishnu Ram Dumaru """") ("""" भक्तपुर """" OR """" bhaktapur 1 """") since:2025-09-05"
सुजिता बुढाथोकी,Sujita Budhathoki,भक्तपुर,bhaktapur,1,"("""" सुजिता बुढाथोकी """" OR """" Sujita Budhathoki """") ("""" भक्तपुर """" OR """" bhaktapur 1 """") since:2025-09-05"
सुदिप न्यौपाने,Sudip Neupane,भक्तपुर,bhaktapur,1,"("""" सुदिप न्यौपाने """" OR """" Sudip Neupane """") ("""" भक्तपुर """" OR """" bhaktapur 1 """") since:2025-09-05"
सुरेश कोजु,Suresh Koju,भक्तपुर,bhaktapur,1,"("""" सुरेश कोजु """" OR """" Suresh Koju """") ("""" भक्तपुर """" OR """" bhaktapur 1 """") since:2025-09-05"
महेश बस्नेत,Mahesh Basnet,भक्तपुर,bhaktapur,2,"("""" महेश बस्नेत """" OR """" Mahesh Basnet """") ("""" भक्तपुर """" OR """" bhaktapur 2 """") since:2025-09-05"
कविर राणा,Kabir Rana,भक्तपुर,bhaktapur,2,"("""" कविर राणा """" OR """" Kabir Rana """") ("""" भक्तपुर """" OR """" bhaktapur 2 """") since:2025-09-05"
राम प्रसाद सापकोटा,Ram Prasad Sapkota,भक्तपुर,bhaktapur,2,"("""" राम प्रसाद सापकोटा """" OR """" Ram Prasad Sapkota """") ("""" भक्तपुर """" OR """" bhaktapur 2 """") since:2025-09-05"
राजीव खत्री,Rajiv Khatri,भक्तपुर,bhaktapur,2,"("""" राजीव खत्री """" OR """" Rajiv Khatri """") ("""" भक्तपुर """" OR """" bhaktapur 2 """") since:2025-09-05"
बिक्रम थापा,Bikram Thapa,भक्तपुर,bhaktapur,2,"("""" बिक्रम थापा """" OR """" Bikram Thapa """") ("""" भक्तपुर """" OR """" bhaktapur 2 """") since:2025-09-05"
नबिन श्रेष्‍ठ,Nabin Shrestha,भक्तपुर,bhaktapur,2,"("""" नबिन श्रेष्‍ठ """" OR """" Nabin Shrestha """") ("""" भक्तपुर """" OR """" bhaktapur 2 """") since:2025-09-05"
रमेश व‌ैद्य,Ramesh Baidya,भक्तपुर,bhaktapur,2,"("""" रमेश व‌ैद्य """" OR """" Ramesh Baidya """") ("""" भक्तपुर """" OR """" bhaktapur 2 """") since:2025-09-05"
जन्मदेव जैसी,Janmadev Jaisi,भक्तपुर,bhaktapur,2,"("""" जन्मदेव जैसी """" OR """" Janmadev Jaisi """") ("""" भक्तपुर """" OR """" bhaktapur 2 """") since:2025-09-05"
पेम्बा घले,Pemba Ghale,भक्तपुर,bhaktapur,2,"("""" पेम्बा घले """" OR """" Pemba Ghale """") ("""" भक्तपुर """" OR """" bhaktapur 2 """") since:2025-09-05"
लोक कृष्ण दाहाल,Lok Krishna Dahal,भक्तपुर,bhaktapur,2,"("""" लोक कृष्ण दाहाल """" OR """" Lok Krishna Dahal """") ("""" भक्तपुर """" OR """" bhaktapur 2 """") since:2025-09-05"
राजेश बाडे,Rajesh Bade,भक्तपुर,bhaktapur,2,"("""" राजेश बाडे """" OR """" Rajesh Bade """") ("""" भक्तपुर """" OR """" bhaktapur 2 """") since:2025-09-05"
अर्जुन बासु,Arjun Basu,भक्तपुर,bhaktapur,2,"("""" अर्जुन बासु """" OR """" Arjun Basu """") ("""" भक्तपुर """" OR """" bhaktapur 2 """") since:2025-09-05"
प्रकाश राज ढुङ्गेल,Prakash Raj Dhungel,भक्तपुर,bhaktapur,2,"("""" प्रकाश राज ढुङ्गेल """" OR """" Prakash Raj Dhungel """") ("""" भक्तपुर """" OR """" bhaktapur 2 """") since:2025-09-05"
जित राम लामा,Jit Ram Lama,भक्तपुर,bhaktapur,2,"("""" जित राम लामा """" OR """" Jit Ram Lama """") ("""" भक्तपुर """" OR """" bhaktapur 2 """") since:2025-09-05"
राकेश श्रेष्‍ठ,Rakesh Shrestha,भक्तपुर,bhaktapur,2,"("""" राकेश श्रेष्‍ठ """" OR """" Rakesh Shrestha """") ("""" भक्तपुर """" OR """" bhaktapur 2 """") since:2025-09-05"
जानुका पाठक,Januka Pathak,भक्तपुर,bhaktapur,2,"("""" जानुका पाठक """" OR """" Januka Pathak """") ("""" भक्तपुर """" OR """" bhaktapur 2 """") since:2025-09-05"
देवकुमारी साह,Devkumari Sah,भक्तपुर,bhaktapur,2,"("""" देवकुमारी साह """" OR """" Devkumari Sah """") ("""" भक्तपुर """" OR """" bhaktapur 2 """") since:2025-09-05"
अनिता भट्टराई,Anita Bhattarai,भक्तपुर,bhaktapur,2,"("""" अनिता भट्टराई """" OR """" Anita Bhattarai """") ("""" भक्तपुर """" OR """" bhaktapur 2 """") since:2025-09-05"
अर्चना भट्टराई,Archana Bhattarai,भक्तपुर,bhaktapur,2,"("""" अर्चना भट्टराई """" OR """" Archana Bhattarai """") ("""" भक्तपुर """" OR """" bhaktapur 2 """") since:2025-09-05"
आनन्द कार्की,Ananda Karki,भक्तपुर,bhaktapur,2,"("""" आनन्द कार्की """" OR """" Ananda Karki """") ("""" भक्तपुर """" OR """" bhaktapur 2 """") since:2025-09-05"
ओम कृष्ण कुटु,Om Krishna Kutu,भक्तपुर,bhaktapur,2,"("""" ओम कृष्ण कुटु """" OR """" Om Krishna Kutu """") ("""" भक्तपुर """" OR """" bhaktapur 2 """") since:2025-09-05"
नविन कुमार महत,Nabin Kumar Mahat,भक्तपुर,bhaktapur,2,"("""" नविन कुमार महत """" OR """" Nabin Kumar Mahat """") ("""" भक्तपुर """" OR """" bhaktapur 2 """") since:2025-09-05"
प्रदिप कुमार रुपाखेती,Pradip Kumar Rupakheti,भक्तपुर,bhaktapur,2,"("""" प्रदिप कुमार रुपाखेती """" OR """" Pradip Kumar Rupakheti """") ("""" भक्तपुर """" OR """" bhaktapur 2 """") since:2025-09-05"
मधु प्रकाश साहुखल,Madhu Prakash Sahukhal,भक्तपुर,bhaktapur,2,"("""" मधु प्रकाश साहुखल """" OR """" Madhu Prakash Sahukhal """") ("""" भक्तपुर """" OR """" bhaktapur 2 """") since:2025-09-05"
मनोज लामा,Manoj Lama,भक्तपुर,bhaktapur,2,"("""" मनोज लामा """" OR """" Manoj Lama """") ("""" भक्तपुर """" OR """" bhaktapur 2 """") since:2025-09-05"
रेणु श्रेष्ठ,Renu Shrestha,भक्तपुर,bhaktapur,2,"("""" रेणु श्रेष्ठ """" OR """" Renu Shrestha """") ("""" भक्तपुर """" OR """" bhaktapur 2 """") since:2025-09-05"
लक्ष्मी वास्तोला पौडेल,Laxmi Bastola Poudel,भक्तपुर,bhaktapur,2,"("""" लक्ष्मी वास्तोला पौडेल """" OR """" Laxmi Bastola Poudel """") ("""" भक्तपुर """" OR """" bhaktapur 2 """") since:2025-09-05"
वाल कृष्ण थापा,Bal Krishna Thapa,भक्तपुर,bhaktapur,2,"("""" वाल कृष्ण थापा """" OR """" Bal Krishna Thapa """") ("""" भक्तपुर """" OR """" bhaktapur 2 """") since:2025-09-05"
श्याम कृष्ण धुख्वा,Shyam Krishna Dhukhwa,भक्तपुर,bhaktapur,2,"("""" श्याम कृष्ण धुख्वा """" OR """" Shyam Krishna Dhukhwa """") ("""" भक्तपुर """" OR """" bhaktapur 2 """") since:2025-09-05"
सविन महत,Sabin Mahat,भक्तपुर,bhaktapur,2,"("""" सविन महत """" OR """" Sabin Mahat """") ("""" भक्तपुर """" OR """" bhaktapur 2 """") since:2025-09-05"
साजन ढकाल,Sajan Dhakal,भक्तपुर,bhaktapur,2,"("""" साजन ढकाल """" OR """" Sajan Dhakal """") ("""" भक्तपुर """" OR """" bhaktapur 2 """") since:2025-09-05"
सुर्वण थापा,Suwarna Thapa,भक्तपुर,bhaktapur,2,"("""" सुर्वण थापा """" OR """" Suwarna Thapa """") ("""" भक्तपुर """" OR """" bhaktapur 2 """") since:2025-09-05"
